account_id,timestamp,amount,location,device_type,transaction_velocity,is_foreign_transaction,location_change_since_last_tx,new_device_used,failed_login_attempts,merchant_risk_score,account_age_days,amount_vs_avg,time_of_day,fraud
acct_1,2026-01-01T08:00:00,169.68,NJ,iPhone,2,0,0,0,0,0.21,1183,0.77,8,0
acct_1,2026-01-01T08:11:00,247.81,NJ,iPhone,2,0,0,0,0,0.3,1183,1.13,8,0
acct_1,2026-01-01T08:40:00,315.91,NJ,Tablet,2,0,0,0,0,0.07,1183,1.44,8,0
acct_1,2026-01-01T08:51:00,254.1,NJ,Tablet,1,0,0,0,1,0.09,1183,1.16,8,0
acct_1,2026-01-01T08:40:00,221.5,NJ,Tablet,2,0,0,0,1,0.16,1183,1.01,8,0
acct_1,2026-01-01T08:50:00,196.03,NJ,iPhone,1,0,0,0,0,0.24,1183,0.89,8,0
acct_1,2026-01-01T10:00:00,188.66,NJ,Tablet,1,0,0,0,0,0.34,1183,0.86,10,0
acct_1,2026-01-01T08:56:00,208.49,CA,Tablet,1,0,1,0,0,0.14,1183,0.95,8,0
acct_1,2026-01-01T09:20:00,89.33,NJ,Tablet,2,0,1,0,0,0.2,1183,0.41,9,0
acct_1,2026-01-01T09:21:00,251.81,NJ,iPhone,1,0,0,0,0,0.16,1183,1.14,9,0
acct_1,2026-01-01T09:40:00,127.4,NJ,iPhone,1,0,0,0,0,0.2,1183,0.58,9,0
acct_1,2026-01-01T09:39:00,321.95,NJ,Tablet,1,0,0,0,0,0.07,1183,1.46,9,0
acct_1,2026-01-01T11:24:00,241.99,NJ,iPhone,1,0,0,0,0,0.09,1183,1.1,11,0
acct_1,2026-01-01T11:15:00,251.22,NJ,Tablet,1,0,0,0,0,0.33,1183,1.14,11,0
acct_1,2026-01-01T12:40:00,215.36,NJ,Tablet,1,0,0,0,1,0.32,1183,0.98,12,0
acct_1,2026-01-01T11:45:00,248.43,NJ,iPhone,2,0,0,0,0,0.05,1183,1.13,11,0
acct_1,2026-01-01T13:04:00,193.05,CA,iPhone,1,0,1,0,0,0.13,1183,0.88,13,0
acct_1,2026-01-01T12:15:00,226.53,FL,Tablet,2,0,1,0,0,0.29,1183,1.03,12,0
acct_1,2026-01-01T14:00:00,199.57,NJ,Tablet,2,0,1,0,1,0.17,1183,0.91,14,0
acct_1,2026-01-01T14:01:00,295.48,NJ,iPhone,2,0,0,0,1,0.27,1183,1.34,14,0
acct_1,2026-01-01T14:40:00,246.85,NJ,Tablet,1,0,0,0,0,0.18,1183,1.12,14,0
acct_1,2026-01-01T12:12:00,111.02,NJ,iPhone,2,0,0,0,0,0.25,1183,0.5,12,0
acct_1,2026-01-01T13:52:00,294.6,CT,iPhone,1,0,1,0,1,0.2,1183,1.34,13,0
acct_1,2026-01-01T12:13:00,298.28,NJ,iPhone,1,0,1,0,1,0.13,1183,1.36,12,0
acct_1,2026-01-01T16:00:00,229.87,NJ,Tablet,1,0,0,0,0,0.11,1183,1.04,16,0
acct_1,2026-01-01T12:35:00,290.97,NJ,Tablet,1,0,0,0,0,0.07,1183,1.32,12,0
acct_1,2026-01-01T14:30:00,112.37,NJ,iPhone,1,0,0,0,0,0.07,1183,0.51,14,0
acct_1,2026-01-01T12:03:00,201.76,NJ,iPhone,1,0,0,0,0,0.24,1183,0.92,12,0
acct_1,2026-01-01T14:32:00,180.98,NJ,Tablet,1,0,0,0,0,0.25,1183,0.82,14,0
acct_1,2026-01-01T14:17:00,223.92,NJ,Tablet,2,0,0,0,1,0.14,1183,1.02,14,0
acct_1,2026-01-01T18:00:00,226.92,NJ,iPhone,1,0,0,0,0,0.21,1183,1.03,18,0
acct_1,2026-01-01T16:16:00,207.8,CT,Tablet,3,0,1,0,0,0.1,1183,0.94,16,0
acct_1,2026-01-01T16:32:00,198.23,NJ,iPhone,1,0,1,0,0,0.33,1183,0.9,16,0
acct_1,2026-01-01T12:57:00,247.39,NJ,iPhone,1,0,0,0,0,0.13,1183,1.12,12,0
acct_1,2026-01-01T17:38:00,232.34,NJ,Tablet,2,0,0,0,1,0.13,1183,1.06,17,0
acct_1,2026-01-01T12:40:00,268.29,NJ,iPhone,2,0,0,0,0,0.28,1183,1.22,12,0
acct_1,2026-01-01T18:48:00,252.39,NJ,Tablet,1,0,0,0,0,0.08,1183,1.15,18,0
acct_1,2026-01-01T19:43:00,276.87,NJ,iPhone,1,0,0,0,1,0.09,1183,1.26,19,0
acct_1,2026-01-01T15:36:00,135.62,NY,Tablet,2,0,1,0,0,0.25,1183,0.62,15,0
acct_1,2026-01-01T19:42:00,296.45,TX,iPhone,2,0,1,0,0,0.31,1183,1.35,19,0
acct_1,2026-01-01T21:20:00,262.32,NJ,Tablet,1,0,1,0,1,0.29,1183,1.19,21,0
acct_1,2026-01-01T20:59:00,236.14,NJ,iPhone,1,0,0,0,1,0.31,1183,1.07,20,0
acct_1,2026-01-01T18:30:00,237.46,NJ,Tablet,2,0,0,0,0,0.12,1183,1.08,18,0
acct_1,2026-01-01T20:54:00,237.16,NJ,Tablet,2,0,0,0,0,0.24,1183,1.08,20,0
acct_1,2026-01-01T18:16:00,174.6,NJ,iPhone,1,0,0,0,0,0.31,1183,0.79,18,0
acct_1,2026-01-01T17:00:00,281.16,NJ,iPhone,3,0,0,0,1,0.15,1183,1.28,17,0
acct_1,2026-01-01T23:20:00,190.75,NJ,Tablet,2,0,0,0,0,0.13,1183,0.87,23,0
acct_1,2026-01-01T22:53:00,158.68,NJ,iPhone,2,0,0,0,0,0.18,1183,0.72,22,0
acct_1,2026-01-01T22:24:00,287.51,NJ,iPhone,1,0,0,0,0,0.2,1183,1.31,22,0
acct_1,2026-01-01T22:42:00,173.18,NJ,iPhone,2,0,0,0,0,0.18,1183,0.79,22,0
acct_1,2026-01-01T19:40:00,167.63,NJ,Tablet,1,0,0,0,1,0.21,1183,0.76,19,0
acct_1,2026-01-01T14:48:00,207.45,NJ,Tablet,2,0,0,0,1,0.18,1183,0.94,14,0
acct_1,2026-01-01T23:36:00,234.08,NJ,iPhone,2,0,0,0,0,0.14,1183,1.06,23,0
acct_1,2026-01-01T23:54:00,186.65,NJ,iPhone,1,0,0,0,0,0.12,1183,0.85,23,0
acct_1,2026-01-01T17:54:00,230.17,FL,iPhone,2,0,1,0,1,0.17,1183,1.05,17,0
acct_1,2026-01-02T00:30:00,142.16,NJ,Tablet,1,0,1,0,0,0.09,1183,0.65,0,0
acct_1,2026-01-02T01:44:00,311.65,NJ,iPhone,2,0,0,0,1,0.12,1183,1.42,1,0
acct_1,2026-01-02T03:00:00,284.14,NJ,iPhone,1,0,0,0,0,0.19,1183,1.29,3,0
acct_1,2026-01-02T03:20:00,153.97,NJ,Tablet,2,0,0,0,1,0.23,1183,0.7,3,0
acct_1,2026-01-02T02:41:00,265.17,TX,iPhone,1,0,1,0,1,0.19,1183,1.21,2,0
acct_1,2026-01-02T04:00:00,221.36,NJ,Tablet,2,0,1,0,0,0.13,1183,1.01,4,0
acct_1,2026-01-01T17:09:00,210.87,NJ,iPhone,1,0,0,0,0,0.1,1183,0.96,17,0
acct_1,2026-01-01T22:28:00,190.3,NJ,Tablet,1,0,0,0,0,0.21,1183,0.87,22,0
acct_1,2026-01-01T22:42:00,316.18,NJ,iPhone,2,0,0,0,1,0.19,1183,1.44,22,0
acct_1,2026-01-01T21:52:00,203.56,TX,iPhone,2,0,1,0,1,0.12,1183,0.93,21,0
acct_1,2026-01-01T23:10:00,165.64,NJ,Tablet,2,0,1,0,0,0.3,1183,0.75,23,0
acct_1,2026-01-01T19:00:00,287.48,FL,iPhone,1,0,1,0,0,0.24,1183,1.31,19,0
acct_1,2026-01-01T19:10:00,243.34,NJ,Tablet,1,0,1,0,0,0.19,1183,1.11,19,0
acct_1,2026-01-01T22:44:00,223.79,NJ,Tablet,1,0,0,0,0,0.3,1183,1.02,22,0
acct_1,2026-01-02T01:15:00,287.98,CA,iPhone,2,0,1,0,0,0.28,1183,1.31,1,0
acct_1,2026-01-02T05:00:00,233.37,NJ,iPhone,2,0,1,0,0,0.12,1183,1.06,5,0
acct_1,2026-01-02T01:45:00,185.65,NJ,Tablet,1,0,0,0,0,0.1,1183,0.84,1,0
acct_1,2026-01-02T04:24:00,305.29,NJ,iPhone,1,0,0,0,0,0.08,1183,1.39,4,0
acct_1,2026-01-01T17:44:00,284.96,TX,Tablet,1,0,1,0,0,0.07,1183,1.3,17,0
acct_1,2026-01-02T07:26:00,239.89,NJ,Tablet,1,0,1,0,0,0.29,1183,1.09,7,0
acct_1,2026-01-02T05:15:00,230.34,NJ,Tablet,1,0,0,0,0,0.2,1183,1.05,5,0
acct_1,2026-01-02T00:28:00,277.23,NJ,Tablet,2,0,0,0,0,0.24,1183,1.26,0,0
acct_1,2026-01-02T03:15:00,204.41,NJ,Tablet,1,0,0,0,1,0.19,1183,0.93,3,0
acct_1,2026-01-02T08:42:00,179.45,NJ,iPhone,1,0,0,0,0,0.31,1183,0.82,8,0
acct_1,2026-01-01T22:29:00,220.21,NJ,Tablet,1,0,0,0,0,0.2,1183,1.0,22,0
acct_1,2026-01-02T01:20:00,235.77,NJ,Tablet,2,0,0,0,0,0.31,1183,1.07,1,0
acct_1,2026-01-02T09:39:00,271.11,NJ,iPhone,1,0,0,0,0,0.12,1183,1.23,9,0
acct_1,2026-01-02T03:08:00,127.57,NJ,Tablet,2,0,0,0,1,0.29,1183,0.58,3,0
acct_1,2026-01-01T20:27:00,204.64,NJ,Tablet,2,0,0,0,1,0.22,1183,0.93,20,0
acct_1,2026-01-02T02:12:00,138.75,NJ,Tablet,2,0,0,0,0,0.14,1183,0.63,2,0
acct_1,2026-01-01T23:35:00,246.12,NJ,iPhone,2,0,0,0,0,0.11,1183,1.12,23,0
acct_1,2026-01-02T05:30:00,207.83,NJ,Tablet,2,0,0,0,0,0.3,1183,0.94,5,0
acct_1,2026-01-02T01:24:00,224.88,NJ,iPhone,2,0,0,0,0,0.06,1183,1.02,1,0
acct_1,2026-01-01T19:44:00,139.69,NJ,Tablet,1,0,0,0,0,0.31,1183,0.63,19,0
acct_1,2026-01-02T09:13:00,206.56,NJ,iPhone,2,0,0,0,0,0.33,1183,0.94,9,0
acct_1,2026-01-02T06:30:00,235.24,NJ,iPhone,2,0,0,0,0,0.09,1183,1.07,6,0
acct_1,2026-01-02T09:47:00,242.03,NJ,Tablet,1,0,0,0,0,0.28,1183,1.1,9,0
acct_1,2026-01-02T05:28:00,163.38,NJ,Tablet,2,0,0,0,0,0.22,1183,0.74,5,0
acct_1,2026-01-01T20:24:00,150.3,CT,iPhone,1,0,1,0,0,0.25,1183,0.68,20,0
acct_1,2026-01-01T23:40:00,224.44,NJ,Tablet,2,0,1,0,1,0.26,1183,1.02,23,0
acct_1,2026-01-02T07:45:00,209.77,NJ,Tablet,2,0,0,0,0,0.26,1183,0.95,7,0
acct_1,2026-01-02T03:12:00,238.14,NJ,iPhone,1,0,0,0,1,0.08,1183,1.08,3,0
acct_1,2026-01-02T01:47:00,147.88,NJ,iPhone,1,0,0,0,0,0.1,1183,0.67,1,0
acct_1,2026-01-02T03:36:00,135.19,TX,iPhone,1,0,1,0,1,0.26,1183,0.61,3,0
acct_1,2026-01-02T15:21:00,184.12,NJ,Tablet,2,0,1,0,0,0.23,1183,0.84,15,0
acct_1,2026-01-02T07:20:00,212.74,NJ,iPhone,1,0,0,0,0,0.35,1183,0.97,7,0
acct_1,2026-01-02T14:18:00,251.27,NJ,iPhone,1,0,0,0,1,0.21,1183,1.14,14,0
acct_1,2026-01-02T09:30:00,250.08,NJ,Tablet,1,0,0,0,0,0.19,1183,1.14,9,0
acct_1,2026-01-02T08:02:00,179.05,NJ,Tablet,2,0,0,0,1,0.26,1183,0.81,8,0
acct_1,2026-01-02T04:48:00,190.96,NJ,iPhone,1,0,0,0,1,0.08,1183,0.87,4,0
acct_1,2026-01-02T05:00:00,155.23,NJ,iPhone,3,0,0,0,1,0.17,1183,0.71,5,0
acct_1,2026-01-02T03:26:00,143.73,NJ,Tablet,1,0,0,0,0,0.11,1183,0.65,3,0
acct_1,2026-01-02T12:32:00,250.82,TX,iPhone,2,0,1,0,0,0.34,1183,1.14,12,0
acct_1,2026-01-02T14:36:00,246.38,NJ,iPhone,1,0,1,0,1,0.08,1183,1.12,14,0
acct_1,2026-01-02T00:21:00,193.31,NJ,Tablet,2,0,0,0,0,0.2,1183,0.88,0,0
acct_1,2026-01-02T06:00:00,165.56,NJ,Tablet,2,0,0,0,0,0.17,1183,0.75,6,0
acct_1,2026-01-02T15:27:00,107.04,NJ,Tablet,1,0,0,0,1,0.15,1183,0.49,15,0
acct_1,2026-01-02T21:20:00,118.17,NJ,Tablet,1,0,0,0,1,0.31,1183,0.54,21,0
acct_1,2026-01-02T12:15:00,170.87,NJ,Tablet,1,0,0,0,1,0.33,1183,0.78,12,0
acct_1,2026-01-02T04:54:00,260.33,NJ,Tablet,1,0,0,0,0,0.15,1183,1.18,4,0
acct_1,2026-01-02T12:45:00,192.11,NJ,iPhone,1,0,0,0,1,0.34,1183,0.87,12,0
acct_1,2026-01-02T03:20:00,146.54,NJ,Tablet,1,0,0,0,0,0.21,1183,0.67,3,0
acct_1,2026-01-02T13:15:00,250.55,NJ,iPhone,2,0,0,0,0,0.19,1183,1.14,13,0
acct_1,2026-01-02T07:36:00,175.37,NJ,Tablet,2,0,0,0,1,0.34,1183,0.8,7,0
acct_1,2026-01-02T19:42:00,201.87,NJ,iPhone,1,0,0,0,0,0.12,1183,0.92,19,0
acct_1,2026-01-02T20:00:00,386.96,NJ,Tablet,1,0,0,0,0,0.28,1183,1.76,20,0
acct_1,2026-01-02T22:19:00,261.47,NJ,iPhone,1,0,0,0,0,0.15,1183,1.19,22,0
acct_1,2026-01-02T00:16:00,205.65,NJ,Tablet,2,0,0,0,0,0.1,1183,0.93,0,0
acct_1,2026-01-02T02:27:00,178.28,NJ,Tablet,1,0,0,0,0,0.12,1183,0.81,2,0
acct_1,2026-01-02T21:12:00,218.94,NJ,Tablet,2,0,0,0,0,0.25,1183,1.0,21,0
acct_1,2026-01-02T04:50:00,338.54,CA,Tablet,2,0,1,0,0,0.19,1183,1.54,4,0
acct_1,2026-01-02T09:12:00,237.0,NJ,iPhone,2,0,1,0,1,0.22,1183,1.08,9,0
acct_1,2026-01-02T19:59:00,195.76,NJ,Tablet,2,0,0,0,0,0.05,1183,0.89,19,0
acct_1,2026-01-02T22:24:00,246.24,NJ,Tablet,1,0,0,0,0,0.28,1183,1.12,22,0
acct_1,2026-01-02T07:39:00,179.91,NJ,Tablet,1,0,0,0,0,0.24,1183,0.82,7,0
acct_1,2026-01-02T23:00:00,191.34,NJ,Tablet,1,0,0,0,0,0.08,1183,0.87,23,0
acct_1,2026-01-02T10:12:00,193.58,NJ,Tablet,2,0,0,0,0,0.3,1183,0.88,10,0
acct_1,2026-01-02T10:24:00,333.33,CA,Tablet,1,0,1,0,0,0.19,1183,1.52,10,0
acct_1,2026-01-02T03:57:00,310.84,NJ,Tablet,3,0,1,0,0,0.08,1183,1.41,3,0
acct_1,2026-01-02T15:16:00,287.95,NJ,Tablet,2,0,0,0,1,0.3,1183,1.31,15,0
acct_1,2026-01-02T13:15:00,251.19,NJ,Tablet,2,0,0,0,0,0.24,1183,1.14,13,0
acct_1,2026-01-03T00:48:00,273.94,NJ,Tablet,1,0,0,0,0,0.09,1183,1.25,0,0
acct_1,2026-01-02T02:16:00,198.54,NJ,iPhone,2,0,0,0,1,0.19,1183,0.9,2,0
acct_1,2026-01-03T01:24:00,300.67,NJ,iPhone,1,0,0,0,1,0.25,1183,1.37,1,0
acct_1,2026-01-02T18:45:00,122.76,NJ,Tablet,1,0,0,0,0,0.18,1183,0.56,18,0
acct_1,2026-01-02T09:40:00,235.48,NJ,Tablet,1,0,0,0,0,0.17,1183,1.07,9,0
acct_1,2026-01-02T09:51:00,351.52,NJ,iPhone,1,0,0,0,0,0.24,1183,1.6,9,0
acct_1,2026-01-03T00:14:00,237.43,NJ,iPhone,1,0,0,0,0,0.07,1183,1.08,0,0
acct_1,2026-01-03T07:40:00,151.12,NJ,iPhone,1,0,0,0,0,0.28,1183,0.69,7,0
acct_1,2026-01-03T08:00:00,223.36,NJ,iPhone,1,0,0,0,0,0.21,1183,1.02,8,0
acct_1,2026-01-03T08:20:00,256.96,NJ,iPhone,2,0,0,0,0,0.29,1183,1.17,8,0
acct_1,2026-01-02T10:46:00,211.68,NJ,iPhone,1,0,0,0,1,0.21,1183,0.96,10,0
acct_1,2026-01-03T06:33:00,275.26,NJ,iPhone,2,0,0,0,1,0.2,1183,1.25,6,0
acct_1,2026-01-03T01:56:00,312.63,NJ,Tablet,2,0,0,0,1,0.24,1183,1.42,1,0
acct_1,2026-01-02T03:52:00,278.27,NJ,iPhone,2,0,0,0,1,0.26,1183,1.26,3,0
acct_2,2026-01-01T08:00:00,240.21,CT,Android,1,0,0,0,0,0.13,1908,1.09,8,0
acct_2,2026-01-01T08:18:00,145.39,CT,iPhone,1,0,0,0,1,0.2,1908,0.66,8,0
acct_2,2026-01-01T08:28:00,289.48,CT,Android,1,0,0,0,1,0.19,1908,1.32,8,0
acct_2,2026-01-01T08:33:00,131.65,CT,Android,1,0,0,0,0,0.18,1908,0.6,8,0
acct_2,2026-01-01T09:12:00,215.81,CT,iPhone,2,0,0,0,0,0.08,1908,0.98,9,0
acct_2,2026-01-01T08:45:00,240.65,CT,Android,1,0,0,0,0,0.23,1908,1.09,8,0
acct_2,2026-01-01T09:36:00,144.17,CT,iPhone,1,0,0,0,0,0.34,1908,0.66,9,0
acct_2,2026-01-01T09:59:00,210.16,CT,Android,1,0,0,0,1,0.12,1908,0.96,9,0
acct_2,2026-01-01T09:12:00,178.75,CT,iPhone,1,0,0,0,0,0.29,1908,0.81,9,0
acct_2,2026-01-01T10:24:00,320.3,CT,Android,1,0,0,0,0,0.06,1908,1.46,10,0
acct_2,2026-01-01T10:00:00,206.15,CT,Android,1,0,0,0,0,0.31,1908,0.94,10,0
acct_2,2026-01-01T11:07:00,208.51,CT,Android,1,0,0,0,0,0.27,1908,0.95,11,0
acct_2,2026-01-01T10:12:00,176.92,CT,iPhone,1,0,0,0,0,0.28,1908,0.8,10,0
acct_2,2026-01-01T11:41:00,126.2,CT,Android,1,0,0,0,0,0.13,1908,0.57,11,0
acct_2,2026-01-01T12:12:00,153.23,CT,Android,1,0,0,0,0,0.15,1908,0.7,12,0
acct_2,2026-01-01T10:15:00,202.82,CT,iPhone,1,0,0,0,0,0.12,1908,0.92,10,0
acct_2,2026-01-01T12:32:00,255.01,CT,iPhone,1,0,0,0,0,0.15,1908,1.16,12,0
acct_2,2026-01-01T10:16:00,161.63,CT,Android,1,0,0,0,0,0.07,1908,0.73,10,0
acct_2,2026-01-01T13:42:00,230.32,CA,iPhone,1,0,1,0,1,0.26,1908,1.05,13,0
acct_2,2026-01-01T12:26:00,206.23,CT,iPhone,1,0,1,0,0,0.08,1908,0.94,12,0
acct_2,2026-01-01T11:00:00,223.08,CT,iPhone,1,0,0,0,0,0.27,1908,1.01,11,0
acct_2,2026-01-01T11:51:00,203.36,CT,Android,1,0,0,0,0,0.32,1908,0.92,11,0
acct_2,2026-01-01T12:46:00,137.76,CT,Android,2,0,0,0,0,0.08,1908,0.63,12,0
acct_2,2026-01-01T12:36:00,244.3,CT,Android,1,0,0,0,0,0.34,1908,1.11,12,0
acct_2,2026-01-01T15:12:00,127.89,CT,iPhone,1,0,0,0,0,0.31,1908,0.58,15,0
acct_2,2026-01-01T15:30:00,196.1,CT,iPhone,1,0,0,0,0,0.23,1908,0.89,15,0
acct_2,2026-01-01T13:38:00,172.63,CT,Android,1,0,0,0,0,0.3,1908,0.78,13,0
acct_2,2026-01-01T12:03:00,126.96,CT,iPhone,1,0,0,0,1,0.22,1908,0.58,12,0
acct_2,2026-01-01T17:20:00,218.89,FL,Android,1,0,1,0,0,0.23,1908,0.99,17,0
acct_2,2026-01-01T15:44:00,231.47,CT,iPhone,1,0,1,0,0,0.2,1908,1.05,15,0
acct_2,2026-01-01T13:00:00,303.66,FL,Android,1,0,1,0,0,0.16,1908,1.38,13,0
acct_2,2026-01-01T14:12:00,147.85,CT,Android,1,0,1,0,0,0.07,1908,0.67,14,0
acct_2,2026-01-01T12:48:00,169.19,CT,Android,1,0,0,0,0,0.07,1908,0.77,12,0
acct_2,2026-01-01T17:54:00,252.18,NJ,iPhone,1,0,1,0,0,0.23,1908,1.15,17,0
acct_2,2026-01-01T13:06:00,200.44,CT,Android,1,0,1,0,0,0.24,1908,0.91,13,0
acct_2,2026-01-01T16:10:00,209.46,CT,Android,1,0,0,0,0,0.33,1908,0.95,16,0
acct_2,2026-01-01T17:00:00,310.52,CT,iPhone,3,0,0,0,0,0.2,1908,1.41,17,0
acct_2,2026-01-01T17:52:00,278.15,CT,iPhone,1,0,0,0,0,0.23,1908,1.26,17,0
acct_2,2026-01-01T14:20:00,274.36,CT,Android,1,0,0,0,1,0.06,1908,1.25,14,0
acct_2,2026-01-01T16:27:00,201.92,CT,iPhone,1,0,0,0,1,0.12,1908,0.92,16,0
acct_2,2026-01-01T15:20:00,183.49,CT,Android,1,0,0,0,0,0.25,1908,0.83,15,0
acct_2,2026-01-01T19:37:00,280.92,CT,iPhone,1,0,0,0,1,0.34,1908,1.28,19,0
acct_2,2026-01-01T15:42:00,229.5,CT,iPhone,1,0,0,0,0,0.22,1908,1.04,15,0
acct_2,2026-01-01T14:27:00,204.09,CT,Android,1,0,0,0,0,0.13,1908,0.93,14,0
acct_2,2026-01-01T19:44:00,255.47,CT,iPhone,1,0,0,0,0,0.33,1908,1.16,19,0
acct_2,2026-01-01T18:30:00,281.34,CT,Android,1,0,0,0,0,0.12,1908,1.28,18,0
acct_2,2026-01-01T17:58:00,315.37,CT,Android,1,0,0,0,0,0.06,1908,1.43,17,0
acct_2,2026-01-01T19:45:00,210.01,CT,iPhone,1,0,0,0,0,0.32,1908,0.95,19,0
acct_2,2026-01-01T14:24:00,216.11,CT,iPhone,1,0,0,0,0,0.28,1908,0.98,14,0
acct_2,2026-01-01T16:59:00,214.57,CT,iPhone,1,0,0,0,0,0.08,1908,0.98,16,0
acct_2,2026-01-01T20:30:00,211.78,CT,Android,1,0,0,0,0,0.14,1908,0.96,20,0
acct_2,2026-01-01T14:48:00,189.36,CT,Android,1,0,0,0,0,0.07,1908,0.86,14,0
acct_2,2026-01-01T21:52:00,127.04,CT,Android,1,0,0,0,1,0.31,1908,0.58,21,0
acct_2,2026-01-01T15:04:00,118.06,CT,Android,1,0,0,0,0,0.29,1908,0.54,15,0
acct_2,2026-01-01T19:42:00,224.48,CT,iPhone,1,0,0,0,0,0.06,1908,1.02,19,0
acct_2,2026-01-01T22:40:00,178.32,CT,iPhone,1,0,0,0,1,0.24,1908,0.81,22,0
acct_2,2026-01-02T02:40:00,277.78,NY,iPhone,1,0,1,0,0,0.06,1908,1.26,2,0
acct_2,2026-01-01T18:27:00,256.09,CT,iPhone,1,0,1,0,1,0.13,1908,1.16,18,0
acct_2,2026-01-02T03:20:00,192.75,CT,Android,1,0,0,0,0,0.13,1908,0.88,3,0
acct_2,2026-01-02T03:40:00,142.03,CT,iPhone,1,0,0,0,0,0.34,1908,0.65,3,0
acct_2,2026-01-01T23:00:00,201.26,CT,iPhone,1,0,0,0,0,0.27,1908,0.91,23,0
acct_2,2026-01-01T17:09:00,57.41,CT,iPhone,1,0,0,0,0,0.08,1908,0.26,17,0
acct_2,2026-01-01T21:26:00,195.02,CT,iPhone,1,0,0,0,0,0.26,1908,0.89,21,0
acct_2,2026-01-01T21:39:00,136.24,FL,iPhone,1,0,1,0,0,0.24,1908,0.62,21,0
acct_2,2026-01-02T05:20:00,240.57,CT,iPhone,1,0,1,0,0,0.34,1908,1.09,5,0
acct_2,2026-01-01T18:50:00,268.11,CT,Android,1,0,0,0,0,0.12,1908,1.22,18,0
acct_2,2026-01-02T03:48:00,183.93,CT,Android,1,0,0,0,1,0.33,1908,0.84,3,0
acct_2,2026-01-01T22:31:00,199.35,CT,iPhone,1,0,0,0,1,0.14,1908,0.91,22,0
acct_2,2026-01-01T21:36:00,220.07,CT,iPhone,1,0,0,0,1,0.32,1908,1.0,21,0
acct_2,2026-01-01T18:21:00,216.84,CT,iPhone,1,0,0,0,1,0.11,1908,0.99,18,0
acct_2,2026-01-01T19:40:00,256.32,TX,Android,1,0,1,0,0,0.25,1908,1.17,19,0
acct_2,2026-01-02T06:29:00,283.11,CT,Android,1,0,1,0,0,0.2,1908,1.29,6,0
acct_2,2026-01-01T18:48:00,317.05,CT,iPhone,1,0,0,0,0,0.16,1908,1.44,18,0
acct_2,2026-01-02T04:41:00,152.56,CT,Android,1,0,0,0,0,0.14,1908,0.69,4,0
acct_2,2026-01-02T07:26:00,206.94,CT,Android,1,0,0,0,0,0.34,1908,0.94,7,0
acct_2,2026-01-02T06:30:00,275.03,CT,Android,1,0,0,0,0,0.28,1908,1.25,6,0
acct_2,2026-01-01T20:40:00,109.78,CT,Android,1,0,0,0,0,0.14,1908,0.5,20,0
acct_2,2026-01-01T20:50:00,181.88,CT,iPhone,1,0,0,0,0,0.13,1908,0.83,20,0
acct_2,2026-01-02T07:24:00,262.41,CT,Android,1,0,0,0,0,0.23,1908,1.19,7,0
acct_2,2026-01-02T06:23:00,265.67,CT,iPhone,1,0,0,0,0,0.3,1908,1.21,6,0
acct_2,2026-01-01T18:40:00,336.91,CT,iPhone,1,0,0,0,0,0.28,1908,1.53,18,0
acct_2,2026-01-02T02:54:00,209.95,FL,iPhone,1,0,1,0,0,0.19,1908,0.95,2,0
acct_2,2026-01-02T11:20:00,239.8,CT,Android,1,0,1,0,0,0.18,1908,1.09,11,0
acct_2,2026-01-02T04:45:00,171.09,CT,iPhone,1,0,0,0,0,0.34,1908,0.78,4,0
acct_2,2026-01-01T22:00:00,224.43,CT,Android,1,0,0,0,1,0.09,1908,1.02,22,0
acct_2,2026-01-02T05:15:00,220.32,CT,iPhone,1,0,0,0,1,0.12,1908,1.0,5,0
acct_2,2026-01-01T22:20:00,269.77,CT,Android,1,0,0,0,0,0.2,1908,1.23,22,0
acct_2,2026-01-02T07:12:00,109.39,CT,Android,1,0,0,0,1,0.2,1908,0.5,7,0
acct_2,2026-01-02T00:08:00,231.15,CT,iPhone,1,0,0,0,1,0.14,1908,1.05,0,0
acct_2,2026-01-01T19:52:00,253.48,NJ,iPhone,1,0,1,0,1,0.16,1908,1.15,19,0
acct_2,2026-01-02T05:00:00,287.04,CT,iPhone,1,0,1,0,0,0.17,1908,1.3,5,0
acct_2,2026-01-02T06:45:00,224.03,NJ,Android,1,0,1,0,0,0.34,1908,1.02,6,0
acct_2,2026-01-02T05:28:00,106.9,CT,iPhone,2,0,1,0,0,0.11,1908,0.49,5,0
acct_2,2026-01-02T08:48:00,207.16,CT,iPhone,1,0,0,0,1,0.21,1908,0.94,8,0
acct_2,2026-01-01T23:40:00,168.0,CT,iPhone,1,0,0,0,0,0.17,1908,0.76,23,0
acct_2,2026-01-02T10:55:00,216.89,CT,iPhone,1,0,0,0,0,0.19,1908,0.99,10,0
acct_2,2026-01-01T20:48:00,164.27,FL,iPhone,1,0,1,0,0,0.23,1908,0.75,20,0
acct_2,2026-01-02T03:24:00,314.08,CT,Android,1,0,1,0,0,0.23,1908,1.43,3,0
acct_2,2026-01-02T00:20:00,133.11,CT,iPhone,1,0,0,0,0,0.3,1908,0.61,0,0
acct_2,2026-01-02T02:09:00,351.21,CT,Android,1,0,0,0,1,0.14,1908,1.6,2,0
acct_2,2026-01-02T00:40:00,188.28,CT,iPhone,1,0,0,0,0,0.26,1908,0.86,0,0
acct_2,2026-01-02T10:56:00,232.92,CT,iPhone,1,0,0,0,0,0.34,1908,1.06,10,0
acct_2,2026-01-02T09:30:00,262.87,CT,iPhone,1,0,0,0,1,0.11,1908,1.19,9,0
acct_2,2026-01-02T02:53:00,211.61,CA,iPhone,1,0,1,0,0,0.26,1908,0.96,2,0
acct_2,2026-01-02T10:00:00,199.17,NJ,iPhone,1,0,1,0,0,0.09,1908,0.91,10,0
acct_2,2026-01-02T15:30:00,107.32,CT,iPhone,1,0,1,0,0,0.14,1908,0.49,15,0
acct_2,2026-01-02T05:12:00,241.44,NJ,iPhone,1,0,1,0,1,0.11,1908,1.1,5,0
acct_2,2026-01-02T12:32:00,210.64,CT,Android,1,0,1,0,0,0.12,1908,0.96,12,0
acct_2,2026-01-02T16:24:00,252.56,CT,Android,1,0,0,0,1,0.15,1908,1.15,16,0
acct_2,2026-01-02T11:15:00,296.18,CT,Android,1,0,0,0,1,0.25,1908,1.35,11,0
acct_2,2026-01-02T11:30:00,183.68,CA,iPhone,1,0,1,0,0,0.32,1908,0.83,11,0
acct_2,2026-01-02T00:39:00,196.97,CT,Android,1,0,1,0,0,0.18,1908,0.9,0,0
acct_2,2026-01-02T02:40:00,233.69,CT,iPhone,1,0,0,0,0,0.33,1908,1.06,2,0
acct_2,2026-01-02T06:36:00,225.36,CT,Android,1,0,0,0,0,0.14,1908,1.02,6,0
acct_2,2026-01-02T18:12:00,158.17,FL,iPhone,1,0,1,0,0,0.11,1908,0.72,18,0
acct_2,2026-01-02T01:15:00,176.72,CT,Android,1,0,1,0,0,0.27,1908,0.8,1,0
acct_2,2026-01-02T22:40:00,197.0,CT,iPhone,1,0,0,0,1,0.2,1908,0.9,22,0
acct_2,2026-01-02T01:33:00,200.0,TX,iPhone,1,0,1,0,0,0.05,1908,0.91,1,0
acct_2,2026-01-02T11:32:00,228.37,CA,Android,1,0,1,0,0,0.25,1908,1.04,11,0
acct_2,2026-01-02T21:41:00,227.02,CT,Android,1,0,1,0,1,0.26,1908,1.03,21,0
acct_2,2026-01-02T22:00:00,230.47,CT,iPhone,1,0,0,0,0,0.23,1908,1.05,22,0
acct_2,2026-01-02T06:11:00,280.49,CT,iPhone,1,0,0,0,1,0.26,1908,1.27,6,0
acct_2,2026-01-02T14:30:00,224.57,CT,Android,1,0,0,0,0,0.21,1908,1.02,14,0
acct_2,2026-01-02T16:48:00,213.65,CT,Android,1,0,0,0,0,0.22,1908,0.97,16,0
acct_2,2026-01-02T04:40:00,275.24,CT,Android,1,0,0,0,1,0.08,1908,1.25,4,0
acct_2,2026-01-02T17:20:00,202.47,CT,iPhone,1,0,0,0,1,0.22,1908,0.92,17,0
acct_2,2026-01-02T17:36:00,123.02,CT,iPhone,1,0,0,0,0,0.29,1908,0.56,17,0
acct_2,2026-01-03T00:13:00,224.29,CT,Android,1,0,0,0,0,0.33,1908,1.02,0,0
acct_2,2026-01-02T03:12:00,281.93,CT,Android,1,0,0,0,0,0.28,1908,1.28,3,0
acct_2,2026-01-03T00:51:00,185.05,TX,iPhone,1,0,1,0,1,0.16,1908,0.84,0,0
acct_2,2026-01-02T23:00:00,329.24,CT,iPhone,1,0,1,0,0,0.1,1908,1.5,23,0
acct_2,2026-01-02T18:56:00,197.53,NY,Android,1,0,1,0,0,0.19,1908,0.9,18,0
acct_2,2026-01-03T01:48:00,154.86,CT,Android,1,0,1,0,1,0.15,1908,0.7,1,0
acct_2,2026-01-02T10:36:00,262.3,CT,Android,1,0,0,0,1,0.23,1908,1.19,10,0
acct_2,2026-01-02T01:52:00,221.2,CT,iPhone,1,0,0,0,0,0.12,1908,1.01,1,0
acct_2,2026-01-02T02:00:00,187.15,CT,Android,1,0,0,0,0,0.2,1908,0.85,2,0
acct_2,2026-01-02T11:12:00,232.17,CT,iPhone,2,0,0,0,0,0.14,1908,1.06,11,0
acct_2,2026-01-02T06:50:00,286.49,CT,iPhone,1,0,0,0,0,0.22,1908,1.3,6,0
acct_2,2026-01-02T23:06:00,308.16,CT,iPhone,1,0,0,0,1,0.06,1908,1.4,23,0
acct_2,2026-01-02T14:07:00,296.58,CT,iPhone,1,0,0,0,1,0.17,1908,1.35,14,0
acct_2,2026-01-02T12:00:00,154.23,CT,Android,1,0,0,0,0,0.31,1908,0.7,12,0
acct_2,2026-01-02T07:30:00,261.9,CT,iPhone,1,0,0,0,0,0.17,1908,1.19,7,0
acct_2,2026-01-02T12:24:00,242.93,CA,Android,1,0,1,0,0,0.07,1908,1.1,12,0
acct_2,2026-01-02T17:22:00,185.51,CT,Android,1,0,1,0,0,0.19,1908,0.84,17,0
acct_2,2026-01-02T15:12:00,180.5,CT,Android,2,0,0,0,0,0.27,1908,0.82,15,0
acct_2,2026-01-03T08:20:00,179.36,CT,Android,1,0,0,0,1,0.32,1908,0.82,8,0
acct_2,2026-01-02T22:56:00,200.48,CT,iPhone,1,0,0,0,0,0.13,1908,0.91,22,0
acct_2,2026-01-02T23:12:00,265.65,CT,iPhone,1,0,0,0,0,0.32,1908,1.21,23,0
acct_2,2026-01-02T16:04:00,213.52,CT,Android,1,0,0,0,0,0.13,1908,0.97,16,0
acct_2,2026-01-03T02:13:00,169.74,CT,iPhone,1,0,0,0,0,0.16,1908,0.77,2,0
acct_3,2026-01-01T08:00:00,38.13,NY,Tablet,2,0,0,0,1,0.34,2249,0.64,8,0
acct_3,2026-01-01T08:18:00,58.91,NY,Tablet,1,0,0,0,0,0.09,2249,0.98,8,0
acct_3,2026-01-01T08:32:00,26.63,NY,iPhone,2,0,0,0,0,0.3,2249,0.44,8,0
acct_3,2026-01-01T08:27:00,80.97,NY,Tablet,1,0,0,0,0,0.3,2249,1.35,8,0
acct_3,2026-01-01T08:44:00,67.81,NY,Tablet,2,0,0,0,0,0.07,2249,1.13,8,0
acct_3,2026-01-01T09:30:00,49.63,NY,Tablet,1,0,0,0,0,0.05,2249,0.83,9,0
acct_3,2026-01-01T09:36:00,57.66,NY,Tablet,2,0,0,0,0,0.2,2249,0.96,9,0
acct_3,2026-01-01T10:13:00,47.52,NY,iPhone,1,0,0,0,0,0.12,2249,0.79,10,0
acct_3,2026-01-01T10:16:00,32.81,NY,Tablet,1,0,0,0,0,0.16,2249,0.55,10,0
acct_3,2026-01-01T10:06:00,49.17,NY,Tablet,2,0,0,0,0,0.25,2249,0.82,10,0
acct_3,2026-01-01T11:00:00,60.4,NY,Tablet,1,0,0,0,0,0.24,2249,1.01,11,0
acct_3,2026-01-01T11:29:00,68.37,NY,Tablet,2,0,0,0,0,0.32,2249,1.14,11,0
acct_3,2026-01-01T09:36:00,64.09,NY,Tablet,3,0,0,0,0,0.06,2249,1.07,9,0
acct_3,2026-01-01T09:57:00,55.13,NY,iPhone,1,0,0,0,0,0.33,2249,0.92,9,0
acct_3,2026-01-01T11:02:00,70.17,NY,Tablet,2,0,0,0,0,0.14,2249,1.17,11,0
acct_3,2026-01-01T12:15:00,61.7,NY,Tablet,2,0,0,0,1,0.28,2249,1.03,12,0
acct_3,2026-01-01T10:40:00,65.77,NY,Tablet,1,0,0,0,0,0.08,2249,1.1,10,0
acct_3,2026-01-01T11:07:00,67.24,NY,Tablet,1,0,0,0,0,0.06,2249,1.12,11,0
acct_3,2026-01-01T11:36:00,63.43,NY,Tablet,1,0,0,0,1,0.11,2249,1.06,11,0
acct_3,2026-01-01T13:23:00,56.62,NY,iPhone,1,0,0,0,0,0.07,2249,0.94,13,0
acct_3,2026-01-01T11:20:00,40.86,NY,Tablet,2,0,0,0,0,0.16,2249,0.68,11,0
acct_3,2026-01-01T11:09:00,72.87,NY,Tablet,2,0,0,0,0,0.09,2249,1.21,11,0
acct_3,2026-01-01T11:40:00,42.63,NY,iPhone,2,0,0,0,0,0.08,2249,0.71,11,0
acct_3,2026-01-01T14:08:00,76.89,NY,Tablet,2,0,0,0,0,0.14,2249,1.28,14,0
acct_3,2026-01-01T13:36:00,64.39,NY,iPhone,1,0,0,0,0,0.26,2249,1.07,13,0
acct_3,2026-01-01T12:10:00,68.16,NY,iPhone,2,0,0,0,0,0.18,2249,1.14,12,0
acct_3,2026-01-01T14:04:00,51.94,NY,iPhone,2,0,0,0,1,0.23,2249,0.87,14,0
acct_3,2026-01-01T12:57:00,52.19,NY,Tablet,2,0,0,0,0,0.3,2249,0.87,12,0
acct_3,2026-01-01T14:32:00,64.47,NY,iPhone,1,0,0,0,0,0.15,2249,1.07,14,0
acct_3,2026-01-01T17:11:00,63.96,CA,Tablet,2,0,1,0,1,0.34,2249,1.07,17,0
acct_3,2026-01-01T18:00:00,60.69,NY,Tablet,2,0,1,0,0,0.08,2249,1.01,18,0
acct_3,2026-01-01T16:47:00,75.99,NY,iPhone,3,0,0,0,1,0.33,2249,1.27,16,0
acct_3,2026-01-01T13:52:00,48.47,NY,Tablet,2,0,0,0,1,0.09,2249,0.81,13,0
acct_3,2026-01-01T14:36:00,61.1,NY,Tablet,2,0,0,0,0,0.18,2249,1.02,14,0
acct_3,2026-01-01T17:38:00,44.95,NY,Tablet,2,0,0,0,0,0.29,2249,0.75,17,0
acct_3,2026-01-01T15:35:00,51.79,NY,iPhone,1,0,0,0,0,0.28,2249,0.86,15,0
acct_3,2026-01-01T18:48:00,55.38,NY,Tablet,1,0,0,0,0,0.34,2249,0.92,18,0
acct_3,2026-01-01T16:38:00,65.38,NY,iPhone,2,0,0,0,1,0.16,2249,1.09,16,0
acct_3,2026-01-01T17:30:00,62.8,NY,Tablet,1,0,0,0,0,0.19,2249,1.05,17,0
acct_3,2026-01-01T15:48:00,26.9,NY,iPhone,2,0,0,0,0,0.14,2249,0.45,15,0
acct_3,2026-01-01T18:00:00,63.89,NY,iPhone,1,0,0,0,1,0.27,2249,1.06,18,0
acct_3,2026-01-01T18:15:00,54.68,NY,iPhone,2,0,0,0,0,0.3,2249,0.91,18,0
acct_3,2026-01-01T20:36:00,80.81,NJ,iPhone,2,0,1,0,0,0.22,2249,1.35,20,0
acct_3,2026-01-01T17:19:00,24.81,NY,Tablet,1,0,1,0,0,0.11,2249,0.41,17,0
acct_3,2026-01-01T21:12:00,56.68,NY,iPhone,2,0,0,0,1,0.23,2249,0.94,21,0
acct_3,2026-01-01T18:30:00,70.43,NY,iPhone,2,0,0,0,0,0.29,2249,1.17,18,0
acct_3,2026-01-01T20:16:00,65.14,NY,Tablet,2,0,0,0,1,0.21,2249,1.09,20,0
acct_3,2026-01-01T22:06:00,54.23,NY,iPhone,2,0,0,0,0,0.16,2249,0.9,22,0
acct_3,2026-01-01T20:00:00,39.64,NY,Tablet,1,0,0,0,0,0.25,2249,0.66,20,0
acct_3,2026-01-01T18:37:00,69.45,NY,iPhone,2,0,0,0,1,0.18,2249,1.16,18,0
acct_3,2026-01-01T16:20:00,45.97,NY,iPhone,1,0,0,0,0,0.2,2249,0.77,16,0
acct_3,2026-01-01T16:30:00,71.09,NY,Tablet,2,0,0,0,0,0.2,2249,1.18,16,0
acct_3,2026-01-01T17:32:00,75.4,NY,Tablet,1,0,0,0,1,0.26,2249,1.26,17,0
acct_3,2026-01-01T20:22:00,55.97,NY,iPhone,1,0,0,0,0,0.14,2249,0.93,20,0
acct_3,2026-01-01T18:48:00,61.95,NY,Tablet,2,0,0,0,0,0.22,2249,1.03,18,0
acct_3,2026-01-01T19:00:00,64.39,NY,iPhone,1,0,0,0,1,0.21,2249,1.07,19,0
acct_3,2026-01-01T21:04:00,82.59,NY,Tablet,2,0,0,0,0,0.18,2249,1.38,21,0
acct_3,2026-01-01T20:21:00,64.15,NY,iPhone,1,0,0,0,0,0.11,2249,1.07,20,0
acct_3,2026-01-02T02:22:00,48.13,NY,Tablet,1,0,0,0,0,0.23,2249,0.8,2,0
acct_3,2026-01-02T03:40:00,62.75,NY,Tablet,2,0,0,0,0,0.23,2249,1.05,3,0
acct_3,2026-01-01T18:00:00,49.55,NY,Tablet,2,0,0,0,0,0.09,2249,0.83,18,0
acct_3,2026-01-02T04:20:00,67.47,NJ,iPhone,1,0,1,0,0,0.12,2249,1.12,4,0
acct_3,2026-01-02T03:38:00,55.05,NY,Tablet,2,0,1,0,1,0.09,2249,0.92,3,0
acct_3,2026-01-02T02:54:00,58.18,NY,iPhone,2,0,0,0,1,0.2,2249,0.97,2,0
acct_3,2026-01-01T20:48:00,49.54,NY,Tablet,1,0,0,0,0,0.22,2249,0.83,20,0
acct_3,2026-01-02T05:40:00,63.8,NJ,Tablet,1,0,1,0,0,0.29,2249,1.06,5,0
acct_3,2026-01-01T23:24:00,63.19,NY,Tablet,2,0,1,0,0,0.3,2249,1.05,23,0
acct_3,2026-01-01T22:31:00,52.41,NY,Tablet,1,0,0,0,0,0.06,2249,0.87,22,0
acct_3,2026-01-02T04:24:00,63.52,NY,iPhone,1,0,0,0,1,0.19,2249,1.06,4,0
acct_3,2026-01-02T00:06:00,66.76,NY,Tablet,2,0,0,0,0,0.31,2249,1.11,0,0
acct_3,2026-01-01T22:00:00,71.81,NY,iPhone,2,0,0,0,0,0.17,2249,1.2,22,0
acct_3,2026-01-01T22:12:00,56.22,NY,iPhone,1,0,0,0,0,0.05,2249,0.94,22,0
acct_3,2026-01-02T02:00:00,77.77,NY,Tablet,2,0,0,0,0,0.05,2249,1.3,2,0
acct_3,2026-01-01T23:49:00,78.29,NY,iPhone,1,0,0,0,1,0.07,2249,1.3,23,0
acct_3,2026-01-02T01:16:00,83.0,NY,Tablet,2,0,0,0,0,0.09,2249,1.38,1,0
acct_3,2026-01-02T09:00:00,71.85,NY,iPhone,1,0,0,0,0,0.21,2249,1.2,9,0
acct_3,2026-01-01T18:08:00,53.09,NY,iPhone,1,0,0,0,0,0.33,2249,0.88,18,0
acct_3,2026-01-02T05:49:00,48.46,NY,iPhone,1,0,0,0,0,0.28,2249,0.81,5,0
acct_3,2026-01-02T06:06:00,58.25,NY,iPhone,1,0,0,0,0,0.13,2249,0.97,6,0
acct_3,2026-01-01T19:51:00,60.23,NY,Tablet,2,0,0,0,0,0.3,2249,1.0,19,0
acct_3,2026-01-02T08:00:00,67.23,NY,iPhone,1,0,0,0,1,0.14,2249,1.12,8,0
acct_3,2026-01-01T18:48:00,65.62,NY,Tablet,1,0,0,0,0,0.12,2249,1.09,18,0
acct_3,2026-01-02T08:36:00,44.72,CA,Tablet,1,0,1,0,0,0.17,2249,0.75,8,0
acct_3,2026-01-02T07:31:00,43.42,NY,Tablet,2,0,1,0,0,0.06,2249,0.72,7,0
acct_3,2026-01-01T20:36:00,70.42,TX,Tablet,2,0,1,0,1,0.18,2249,1.17,20,0
acct_3,2026-01-02T03:50:00,76.16,NY,Tablet,2,0,1,0,0,0.14,2249,1.27,3,0
acct_3,2026-01-02T06:56:00,95.69,NY,Tablet,1,0,0,0,1,0.23,2249,1.59,6,0
acct_3,2026-01-02T13:00:00,71.49,NY,Tablet,1,0,0,0,0,0.07,2249,1.19,13,0
acct_3,2026-01-01T21:12:00,66.63,NY,iPhone,1,0,0,0,0,0.25,2249,1.11,21,0
acct_3,2026-01-02T10:42:00,59.56,NY,iPhone,1,0,0,0,0,0.2,2249,0.99,10,0
acct_3,2026-01-02T03:30:00,34.05,NY,iPhone,1,0,0,0,0,0.09,2249,0.57,3,0
acct_3,2026-01-02T14:20:00,77.07,NY,iPhone,1,0,0,0,0,0.29,2249,1.28,14,0
acct_3,2026-01-02T02:24:00,48.41,NJ,iPhone,1,0,1,0,1,0.19,2249,0.81,2,0
acct_3,2026-01-02T04:09:00,87.93,NY,iPhone,2,0,1,0,0,0.28,2249,1.47,4,0
acct_3,2026-01-02T10:38:00,56.59,NY,iPhone,1,0,0,0,0,0.31,2249,0.94,10,0
acct_3,2026-01-01T20:40:00,60.58,NY,iPhone,2,0,0,0,0,0.33,2249,1.01,20,0
acct_3,2026-01-01T20:48:00,28.59,NY,Tablet,1,0,0,0,0,0.15,2249,0.48,20,0
acct_3,2026-01-02T06:38:00,71.37,NY,Tablet,1,0,0,0,0,0.2,2249,1.19,6,0
acct_3,2026-01-01T21:04:00,71.64,TX,iPhone,2,0,1,0,1,0.31,2249,1.19,21,0
acct_3,2026-01-02T17:00:00,67.5,NY,iPhone,1,0,1,0,0,0.11,2249,1.12,17,0
acct_3,2026-01-02T12:20:00,65.29,NY,Tablet,1,0,0,0,1,0.35,2249,1.09,12,0
acct_3,2026-01-02T17:40:00,70.83,NY,iPhone,3,0,0,0,0,0.05,2249,1.18,17,0
acct_3,2026-01-02T07:48:00,78.52,NY,iPhone,2,0,0,0,0,0.05,2249,1.31,7,0
acct_3,2026-01-02T14:54:00,42.5,NY,iPhone,2,0,0,0,0,0.18,2249,0.71,14,0
acct_3,2026-01-01T21:52:00,68.19,NY,iPhone,1,0,0,0,0,0.32,2249,1.14,21,0
acct_3,2026-01-02T12:00:00,32.75,NY,iPhone,2,0,0,0,0,0.2,2249,0.55,12,0
acct_3,2026-01-02T15:48:00,62.52,NY,Tablet,1,0,0,0,0,0.12,2249,1.04,15,0
acct_3,2026-01-02T05:24:00,80.28,NY,Tablet,1,0,0,0,0,0.19,2249,1.34,5,0
acct_3,2026-01-02T03:48:00,69.01,NY,iPhone,2,0,0,0,0,0.08,2249,1.15,3,0
acct_3,2026-01-02T11:15:00,45.02,NY,iPhone,2,0,0,0,1,0.14,2249,0.75,11,0
acct_3,2026-01-02T06:00:00,63.92,NY,Tablet,1,0,0,0,0,0.11,2249,1.07,6,0
acct_3,2026-01-02T08:03:00,74.1,TX,iPhone,2,0,1,0,0,0.13,2249,1.23,8,0
acct_3,2026-01-02T02:40:00,74.98,NY,iPhone,2,0,1,0,0,0.19,2249,1.25,2,0
acct_3,2026-01-02T21:40:00,62.07,NY,iPhone,1,0,0,0,0,0.11,2249,1.03,21,0
acct_3,2026-01-02T10:36:00,45.3,NY,Tablet,2,0,0,0,0,0.06,2249,0.76,10,0
acct_3,2026-01-02T01:15:00,66.97,NY,iPhone,2,0,0,0,0,0.09,2249,1.12,1,0
acct_3,2026-01-02T13:00:00,92.36,NY,Tablet,2,0,0,0,1,0.06,2249,1.54,13,0
acct_3,2026-01-02T19:06:00,47.44,CA,Tablet,2,0,1,0,1,0.32,2249,0.79,19,0
acct_3,2026-01-01T23:44:00,44.34,NY,Tablet,1,0,1,0,1,0.31,2249,0.74,23,0
acct_3,2026-01-02T13:45:00,71.27,NY,iPhone,2,0,0,0,0,0.24,2249,1.19,13,0
acct_3,2026-01-03T00:00:00,57.13,NY,Tablet,1,0,0,0,1,0.21,2249,0.95,0,0
acct_3,2026-01-02T14:15:00,49.21,NY,Tablet,2,0,0,0,0,0.06,2249,0.82,14,0
acct_3,2026-01-02T18:34:00,66.17,NY,iPhone,3,0,0,0,1,0.21,2249,1.1,18,0
acct_3,2026-01-03T01:00:00,50.57,NY,iPhone,1,0,0,0,0,0.13,2249,0.84,1,0
acct_3,2026-01-03T01:20:00,64.42,CT,Tablet,1,0,1,0,0,0.33,2249,1.07,1,0
acct_3,2026-01-02T04:50:00,69.0,NY,Tablet,2,0,1,0,0,0.26,2249,1.15,4,0
acct_3,2026-01-02T11:18:00,78.28,NY,iPhone,1,0,0,0,1,0.21,2249,1.3,11,0
acct_3,2026-01-02T05:10:00,53.49,NY,iPhone,2,0,0,0,0,0.21,2249,0.89,5,0
acct_3,2026-01-02T01:04:00,49.83,NY,Tablet,2,0,0,0,0,0.33,2249,0.83,1,0
acct_3,2026-01-02T11:57:00,67.89,NY,iPhone,2,0,0,0,0,0.3,2249,1.13,11,0
acct_3,2026-01-02T12:10:00,74.06,TX,iPhone,1,0,1,0,0,0.14,2249,1.23,12,0
acct_3,2026-01-02T05:50:00,84.07,NY,Tablet,1,0,1,0,0,0.1,2249,1.4,5,0
acct_3,2026-01-02T19:12:00,48.03,NY,iPhone,1,0,0,0,0,0.16,2249,0.8,19,0
acct_3,2026-01-03T02:07:00,57.05,NY,Tablet,1,0,0,0,0,0.1,2249,0.95,2,0
acct_3,2026-01-02T13:02:00,94.54,NY,iPhone,1,0,0,0,1,0.09,2249,1.58,13,0
acct_3,2026-01-03T02:45:00,72.22,NY,iPhone,2,0,0,0,0,0.18,2249,1.2,2,0
acct_3,2026-01-02T11:12:00,65.78,NY,iPhone,2,0,0,0,0,0.06,2249,1.1,11,0
acct_3,2026-01-02T18:15:00,55.68,TX,Tablet,1,0,1,0,0,0.21,2249,0.93,18,0
acct_3,2026-01-02T04:42:00,72.57,NY,iPhone,1,0,1,0,0,0.19,2249,1.21,4,0
acct_3,2026-01-03T06:20:00,67.1,NY,iPhone,1,0,0,0,0,0.15,2249,1.12,6,0
acct_3,2026-01-02T16:40:00,63.15,NY,Tablet,2,0,0,0,1,0.26,2249,1.05,16,0
acct_3,2026-01-02T16:54:00,68.43,CT,iPhone,1,0,1,0,0,0.15,2249,1.14,16,0
acct_3,2026-01-02T10:02:00,43.95,FL,Tablet,2,0,1,0,0,0.14,2249,0.73,10,0
acct_3,2026-01-02T05:27:00,78.59,NY,iPhone,2,0,1,0,0,0.16,2249,1.31,5,0
acct_3,2026-01-02T17:36:00,83.82,NY,Tablet,2,0,0,0,0,0.08,2249,1.4,17,0
acct_3,2026-01-02T10:35:00,65.95,NY,iPhone,2,0,0,0,0,0.29,2249,1.1,10,0
acct_3,2026-01-02T20:30:00,37.99,NY,Tablet,2,0,0,0,0,0.16,2249,0.63,20,0
acct_3,2026-01-02T18:18:00,48.89,NY,Tablet,2,0,0,0,0,0.12,2249,0.81,18,0
acct_3,2026-01-02T13:36:00,52.1,NY,iPhone,1,0,0,0,0,0.25,2249,0.87,13,0
acct_3,2026-01-03T09:40:00,21.49,NY,iPhone,1,0,0,0,1,0.3,2249,0.36,9,0
acct_4,2026-01-01T08:00:00,301.89,FL,iPhone,2,0,0,0,1,0.14,1082,1.37,8,0
acct_4,2026-01-01T08:14:00,291.32,FL,iPhone,2,0,0,0,0,0.33,1082,1.32,8,0
acct_4,2026-01-01T08:30:00,293.89,CT,iPhone,4,0,1,0,0,0.18,1082,1.34,8,0
acct_4,2026-01-01T08:54:00,46.38,FL,Android,3,0,1,0,0,0.32,1082,0.21,8,0
acct_4,2026-01-01T09:20:00,269.75,FL,Android,3,0,0,0,0,0.21,1082,1.23,9,0
acct_4,2026-01-01T08:40:00,237.49,FL,Android,2,0,0,0,0,0.17,1082,1.08,8,0
acct_4,2026-01-01T09:00:00,153.56,NY,iPhone,2,0,1,0,0,0.29,1082,0.7,9,0
acct_4,2026-01-01T09:52:00,302.29,FL,Android,2,0,1,0,1,0.06,1082,1.37,9,0
acct_4,2026-01-01T09:36:00,157.42,FL,Android,3,0,0,0,0,0.17,1082,0.72,9,0
acct_4,2026-01-01T09:57:00,213.61,FL,Android,2,0,0,0,0,0.06,1082,0.97,9,0
acct_4,2026-01-01T11:20:00,205.4,FL,iPhone,3,0,0,0,0,0.09,1082,0.93,11,0
acct_4,2026-01-01T11:29:00,123.67,FL,Android,3,0,0,0,0,0.11,1082,0.56,11,0
acct_4,2026-01-01T10:12:00,268.13,FL,Android,2,0,0,0,0,0.2,1082,1.22,10,0
acct_4,2026-01-01T10:10:00,299.24,FL,iPhone,3,0,0,0,0,0.11,1082,1.36,10,0
acct_4,2026-01-01T10:34:00,241.66,FL,Android,2,0,0,0,0,0.13,1082,1.1,10,0
acct_4,2026-01-01T11:45:00,141.91,FL,iPhone,2,0,0,0,0,0.16,1082,0.65,11,0
acct_4,2026-01-01T12:32:00,88.11,FL,Android,3,0,0,0,0,0.1,1082,0.4,12,0
acct_4,2026-01-01T11:24:00,219.45,FL,Android,2,0,0,0,0,0.1,1082,1.0,11,0
acct_4,2026-01-01T13:06:00,227.12,FL,iPhone,2,0,0,0,0,0.13,1082,1.03,13,0
acct_4,2026-01-01T12:26:00,110.39,NJ,iPhone,2,0,1,0,1,0.32,1082,0.5,12,0
acct_4,2026-01-01T14:00:00,265.85,FL,Android,3,0,1,0,0,0.18,1082,1.21,14,0
acct_4,2026-01-01T12:54:00,256.32,FL,Android,2,0,0,0,1,0.23,1082,1.17,12,0
acct_4,2026-01-01T10:56:00,139.16,FL,Android,2,0,0,0,0,0.14,1082,0.63,10,0
acct_4,2026-01-01T11:27:00,170.53,FL,Android,3,0,0,0,0,0.13,1082,0.78,11,0
acct_4,2026-01-01T15:36:00,296.28,FL,iPhone,2,0,0,0,0,0.29,1082,1.35,15,0
acct_4,2026-01-01T16:20:00,240.61,FL,iPhone,2,0,0,0,0,0.25,1082,1.09,16,0
acct_4,2026-01-01T13:12:00,216.61,FL,iPhone,3,0,0,0,0,0.15,1082,0.98,13,0
acct_4,2026-01-01T16:33:00,231.75,FL,Android,3,0,0,0,0,0.3,1082,1.05,16,0
acct_4,2026-01-01T16:24:00,244.82,FL,iPhone,2,0,0,0,0,0.27,1082,1.11,16,0
acct_4,2026-01-01T15:44:00,222.84,FL,Android,2,0,0,0,0,0.12,1082,1.01,15,0
acct_4,2026-01-01T13:30:00,218.29,FL,Android,2,0,0,0,0,0.13,1082,0.99,13,0
acct_4,2026-01-01T14:12:00,193.18,FL,iPhone,3,0,0,0,1,0.32,1082,0.88,14,0
acct_4,2026-01-01T16:32:00,280.65,FL,Android,3,0,0,0,0,0.31,1082,1.28,16,0
acct_4,2026-01-01T13:30:00,243.91,FL,Android,3,0,0,0,0,0.14,1082,1.11,13,0
acct_4,2026-01-01T18:46:00,229.57,FL,iPhone,3,0,0,0,0,0.24,1082,1.04,18,0
acct_4,2026-01-01T12:40:00,184.0,FL,iPhone,3,0,0,0,1,0.29,1082,0.84,12,0
acct_4,2026-01-01T20:00:00,284.61,FL,Android,3,0,0,0,1,0.34,1082,1.29,20,0
acct_4,2026-01-01T16:38:00,287.92,FL,iPhone,3,0,0,0,0,0.28,1082,1.31,16,0
acct_4,2026-01-01T18:08:00,250.15,FL,iPhone,3,0,0,0,0,0.26,1082,1.14,18,0
acct_4,2026-01-01T16:27:00,210.26,FL,Android,3,0,0,0,0,0.07,1082,0.96,16,0
acct_4,2026-01-01T13:20:00,206.4,FL,Android,3,0,0,0,1,0.32,1082,0.94,13,0
acct_4,2026-01-01T14:50:00,154.86,FL,iPhone,3,0,0,0,0,0.33,1082,0.7,14,0
acct_4,2026-01-01T22:00:00,187.47,FL,iPhone,3,0,0,0,0,0.27,1082,0.85,22,0
acct_4,2026-01-01T20:11:00,191.81,FL,iPhone,2,0,0,0,1,0.31,1082,0.87,20,0
acct_4,2026-01-01T16:48:00,230.23,FL,iPhone,2,0,0,0,0,0.25,1082,1.05,16,0
acct_4,2026-01-01T14:00:00,246.04,FL,iPhone,3,0,0,0,0,0.19,1082,1.12,14,0
acct_4,2026-01-01T15:40:00,243.1,FL,Android,3,0,0,0,0,0.25,1082,1.1,15,0
acct_4,2026-01-01T17:24:00,158.76,FL,iPhone,2,0,0,0,0,0.13,1082,0.72,17,0
acct_4,2026-01-02T00:00:00,248.74,FL,Android,3,0,0,0,0,0.16,1082,1.13,0,0
acct_4,2026-01-01T19:26:00,215.62,FL,iPhone,3,0,0,0,1,0.15,1082,0.98,19,0
acct_4,2026-01-01T14:40:00,243.67,FL,Android,3,0,0,0,0,0.33,1082,1.11,14,0
acct_4,2026-01-02T01:00:00,132.04,FL,Android,2,0,0,0,0,0.19,1082,0.6,1,0
acct_4,2026-01-01T18:24:00,218.44,FL,iPhone,3,0,0,0,0,0.16,1082,0.99,18,0
acct_4,2026-01-01T23:54:00,185.42,FL,iPhone,3,0,0,0,0,0.31,1082,0.84,23,0
acct_4,2026-01-02T00:12:00,190.45,FL,Android,2,0,0,0,0,0.16,1082,0.87,0,0
acct_4,2026-01-01T19:55:00,242.79,CA,Android,3,0,1,0,1,0.29,1082,1.1,19,0
acct_4,2026-01-02T00:48:00,245.08,FL,iPhone,2,0,1,0,0,0.08,1082,1.11,0,0
acct_4,2026-01-02T00:09:00,149.07,FL,Android,3,0,0,0,0,0.23,1082,0.68,0,0
acct_4,2026-01-02T01:24:00,284.61,TX,Android,2,0,1,0,0,0.32,1082,1.29,1,0
acct_4,2026-01-01T22:45:00,261.06,FL,iPhone,3,0,1,0,0,0.21,1082,1.19,22,0
acct_4,2026-01-02T03:00:00,212.48,FL,iPhone,2,0,0,0,1,0.15,1082,0.97,3,0
acct_4,2026-01-02T02:18:00,200.32,FL,iPhone,2,0,0,0,0,0.24,1082,0.91,2,0
acct_4,2026-01-01T18:20:00,158.13,FL,iPhone,2,0,0,0,0,0.28,1082,0.72,18,0
acct_4,2026-01-01T21:39:00,228.34,FL,iPhone,4,0,0,0,1,0.17,1082,1.04,21,0
acct_4,2026-01-01T19:44:00,272.45,FL,iPhone,3,0,0,0,1,0.18,1082,1.24,19,0
acct_4,2026-01-01T17:45:00,310.29,FL,Android,2,0,0,0,1,0.06,1082,1.41,17,0
acct_4,2026-01-02T01:36:00,244.01,FL,Android,3,0,0,0,0,0.25,1082,1.11,1,0
acct_4,2026-01-02T00:45:00,269.74,FL,iPhone,2,0,0,0,1,0.15,1082,1.23,0,0
acct_4,2026-01-02T06:40:00,174.55,FL,Android,2,0,0,0,0,0.08,1082,0.79,6,0
acct_4,2026-01-02T04:42:00,228.88,FL,Android,3,0,0,0,0,0.26,1082,1.04,4,0
acct_4,2026-01-01T17:20:00,271.07,FL,Android,2,0,0,0,0,0.13,1082,1.23,17,0
acct_4,2026-01-01T21:01:00,268.54,FL,Android,4,0,0,0,0,0.27,1082,1.22,21,0
acct_4,2026-01-01T18:48:00,220.76,FL,iPhone,2,0,0,0,1,0.19,1082,1.0,18,0
acct_4,2026-01-02T04:41:00,248.46,FL,iPhone,2,0,0,0,1,0.3,1082,1.13,4,0
acct_4,2026-01-02T02:30:00,305.24,NJ,iPhone,2,0,1,0,0,0.08,1082,1.39,2,0
acct_4,2026-01-02T06:30:00,128.11,FL,Android,2,0,1,0,1,0.34,1082,0.58,6,0
acct_4,2026-01-02T08:04:00,223.42,CA,Android,2,0,1,0,0,0.09,1082,1.02,8,0
acct_4,2026-01-02T05:49:00,191.77,FL,Android,2,0,1,0,0,0.11,1082,0.87,5,0
acct_4,2026-01-02T06:06:00,201.41,CT,iPhone,2,0,1,0,0,0.26,1082,0.92,6,0
acct_4,2026-01-02T10:20:00,182.3,FL,Android,3,0,1,0,0,0.31,1082,0.83,10,0
acct_4,2026-01-02T02:40:00,243.96,FL,iPhone,2,0,0,0,0,0.25,1082,1.11,2,0
acct_4,2026-01-01T22:51:00,209.72,NJ,Android,3,0,1,0,0,0.3,1082,0.95,22,0
acct_4,2026-01-02T09:58:00,227.96,FL,Android,2,0,1,0,1,0.08,1082,1.04,9,0
acct_4,2026-01-02T08:54:00,212.74,FL,Android,2,0,0,0,0,0.2,1082,0.97,8,0
acct_4,2026-01-02T12:00:00,233.68,FL,Android,2,0,0,0,1,0.17,1082,1.06,12,0
acct_4,2026-01-02T12:20:00,267.08,FL,iPhone,2,0,0,0,0,0.11,1082,1.21,12,0
acct_4,2026-01-02T12:40:00,258.06,FL,Android,2,0,0,0,0,0.28,1082,1.17,12,0
acct_4,2026-01-01T23:57:00,210.58,FL,iPhone,3,0,0,0,0,0.27,1082,0.96,23,0
acct_4,2026-01-01T21:12:00,178.3,FL,iPhone,3,0,0,0,0,0.23,1082,0.81,21,0
acct_4,2026-01-02T01:48:00,281.6,NY,iPhone,3,0,1,0,0,0.23,1082,1.28,1,0
acct_4,2026-01-02T14:00:00,289.29,FL,Android,2,0,1,0,0,0.07,1082,1.31,14,0
acct_4,2026-01-02T12:49:00,203.97,FL,iPhone,3,0,0,0,0,0.17,1082,0.93,12,0
acct_4,2026-01-02T08:32:00,178.11,NJ,Android,3,0,1,0,0,0.16,1082,0.81,8,0
acct_4,2026-01-02T01:03:00,292.64,FL,iPhone,2,0,1,0,0,0.25,1082,1.33,1,0
acct_4,2026-01-02T07:30:00,224.78,CT,iPhone,3,0,1,0,0,0.16,1082,1.02,7,0
acct_4,2026-01-02T15:40:00,271.1,FL,Android,2,0,1,0,0,0.32,1082,1.23,15,0
acct_4,2026-01-02T16:00:00,149.94,FL,iPhone,3,0,0,0,0,0.32,1082,0.68,16,0
acct_4,2026-01-02T01:47:00,210.25,FL,iPhone,3,0,0,0,0,0.11,1082,0.96,1,0
acct_4,2026-01-02T13:24:00,236.25,FL,iPhone,2,0,0,0,0,0.21,1082,1.07,13,0
acct_4,2026-01-02T15:21:00,285.41,FL,iPhone,2,0,0,0,0,0.06,1082,1.3,15,0
acct_4,2026-01-02T15:40:00,208.44,FL,Android,3,0,0,0,0,0.22,1082,0.95,15,0
acct_4,2026-01-02T02:31:00,267.71,FL,Android,2,0,0,0,1,0.14,1082,1.22,2,0
acct_4,2026-01-02T07:48:00,188.46,FL,iPhone,2,0,0,0,0,0.26,1082,0.86,7,0
acct_4,2026-01-01T23:27:00,179.28,FL,Android,3,0,0,0,0,0.13,1082,0.81,23,0
acct_4,2026-01-02T10:00:00,144.88,FL,iPhone,3,0,0,0,0,0.09,1082,0.66,10,0
acct_4,2026-01-02T08:30:00,251.0,FL,iPhone,2,0,0,0,0,0.25,1082,1.14,8,0
acct_4,2026-01-02T19:20:00,273.35,NY,iPhone,2,0,1,0,0,0.06,1082,1.24,19,0
acct_4,2026-01-02T14:19:00,163.94,CA,iPhone,2,0,1,0,0,0.11,1082,0.75,14,0
acct_4,2026-01-02T16:24:00,238.15,FL,Android,2,0,1,0,0,0.08,1082,1.08,16,0
acct_4,2026-01-02T16:42:00,253.02,FL,Android,2,0,0,0,0,0.14,1082,1.15,16,0
acct_4,2026-01-02T00:30:00,219.84,FL,Android,3,0,0,0,0,0.09,1082,1.0,0,0
acct_4,2026-01-02T17:18:00,224.37,FL,iPhone,3,0,0,0,0,0.2,1082,1.02,17,0
acct_4,2026-01-02T08:16:00,185.02,FL,Android,2,0,0,0,0,0.34,1082,0.84,8,0
acct_4,2026-01-02T02:50:00,261.33,FL,Android,3,0,0,0,0,0.3,1082,1.19,2,0
acct_4,2026-01-02T03:00:00,198.86,FL,Android,2,0,0,0,0,0.28,1082,0.9,3,0
acct_4,2026-01-02T12:45:00,187.59,FL,Android,2,0,0,0,0,0.32,1082,0.85,12,0
acct_4,2026-01-02T05:16:00,210.47,FL,iPhone,4,0,0,0,0,0.3,1082,0.96,5,0
acct_4,2026-01-02T19:06:00,291.24,FL,iPhone,3,0,0,0,0,0.22,1082,1.32,19,0
acct_4,2026-01-02T15:28:00,273.87,FL,iPhone,2,0,0,0,0,0.17,1082,1.24,15,0
acct_4,2026-01-02T23:40:00,128.24,FL,iPhone,2,0,0,0,1,0.16,1082,0.58,23,0
acct_4,2026-01-02T00:00:00,164.32,FL,iPhone,2,0,0,0,0,0.18,1082,0.75,0,0
acct_4,2026-01-02T04:10:00,155.04,FL,iPhone,2,0,0,0,1,0.33,1082,0.7,4,0
acct_4,2026-01-02T00:16:00,232.38,FL,Android,3,0,0,0,0,0.06,1082,1.06,0,0
acct_4,2026-01-02T06:33:00,123.23,FL,Android,2,0,0,0,0,0.06,1082,0.56,6,0
acct_4,2026-01-02T21:12:00,181.5,FL,Android,3,0,0,0,0,0.22,1082,0.82,21,0
acct_4,2026-01-02T19:25:00,256.88,FL,iPhone,3,0,0,0,0,0.16,1082,1.17,19,0
acct_4,2026-01-02T07:06:00,168.96,FL,Android,2,0,0,0,1,0.32,1082,0.77,7,0
acct_4,2026-01-02T00:56:00,189.92,FL,iPhone,2,0,0,0,0,0.11,1082,0.86,0,0
acct_4,2026-01-02T05:20:00,261.05,FL,iPhone,3,0,0,0,1,0.29,1082,1.19,5,0
acct_4,2026-01-03T00:51:00,282.44,FL,iPhone,3,0,0,0,1,0.06,1082,1.28,0,0
acct_4,2026-01-02T01:20:00,271.15,FL,iPhone,3,0,0,0,0,0.07,1082,1.23,1,0
acct_4,2026-01-02T10:12:00,278.6,FL,iPhone,2,0,0,0,0,0.33,1082,1.27,10,0
acct_4,2026-01-02T08:12:00,56.01,FL,iPhone,3,0,0,0,0,0.3,1082,0.25,8,0
acct_4,2026-01-02T21:41:00,265.39,FL,Android,3,0,0,0,0,0.27,1082,1.21,21,0
acct_4,2026-01-02T13:02:00,285.46,FL,Android,2,0,0,0,1,0.09,1082,1.3,13,0
acct_4,2026-01-02T02:00:00,252.14,FL,Android,3,0,0,0,0,0.23,1082,1.15,2,0
acct_4,2026-01-02T06:40:00,144.91,FL,iPhone,3,0,0,0,0,0.19,1082,0.66,6,0
acct_4,2026-01-02T06:50:00,275.89,FL,Android,2,0,0,0,1,0.16,1082,1.25,6,0
acct_4,2026-01-02T02:24:00,201.19,TX,Android,2,0,1,0,0,0.23,1082,0.91,2,0
acct_4,2026-01-03T04:01:00,307.72,FL,Android,2,0,1,0,0,0.13,1082,1.4,4,0
acct_4,2026-01-03T06:40:00,231.94,FL,Android,3,0,0,0,0,0.11,1082,1.05,6,0
acct_4,2026-01-03T04:39:00,219.74,FL,iPhone,2,0,0,0,1,0.25,1082,1.0,4,0
acct_4,2026-01-03T04:58:00,238.87,FL,Android,2,0,0,0,0,0.13,1082,1.09,4,0
acct_4,2026-01-02T22:08:00,173.46,FL,Android,3,0,0,0,0,0.17,1082,0.79,22,0
acct_4,2026-01-03T08:00:00,187.72,FL,Android,2,0,0,0,0,0.35,1082,0.85,8,0
acct_4,2026-01-03T01:05:00,171.95,FL,iPhone,3,0,0,0,0,0.18,1082,0.78,1,0
acct_4,2026-01-03T06:14:00,244.01,FL,Android,2,0,0,0,0,0.1,1082,1.11,6,0
acct_4,2026-01-03T04:06:00,244.02,FL,Android,3,0,0,0,0,0.07,1082,1.11,4,0
acct_4,2026-01-02T11:08:00,168.11,FL,Android,3,0,0,0,0,0.26,1082,0.76,11,0
acct_4,2026-01-03T02:13:00,308.69,FL,Android,3,0,0,0,1,0.05,1082,1.4,2,0
acct_5,2026-01-01T08:00:00,53.23,TX,Tablet,2,0,0,0,0,0.25,1911,1.33,8,0
acct_5,2026-01-01T08:13:00,40.02,TX,MacBook,2,0,0,0,1,0.16,1911,1.0,8,0
acct_5,2026-01-01T08:28:00,34.46,TX,Tablet,2,0,0,0,0,0.21,1911,0.86,8,0
acct_5,2026-01-01T08:57:00,50.67,TX,MacBook,1,0,0,0,0,0.23,1911,1.27,8,0
acct_5,2026-01-01T08:44:00,30.24,TX,Tablet,2,0,0,0,1,0.2,1911,0.76,8,0
acct_5,2026-01-01T09:20:00,47.5,FL,MacBook,2,0,1,0,0,0.26,1911,1.19,9,0
acct_5,2026-01-01T09:24:00,24.19,TX,MacBook,1,0,1,0,1,0.32,1911,0.6,9,0
acct_5,2026-01-01T08:56:00,32.33,TX,Tablet,2,0,0,0,0,0.29,1911,0.81,8,0
acct_5,2026-01-01T09:52:00,51.59,TX,MacBook,1,0,0,0,0,0.14,1911,1.29,9,0
acct_5,2026-01-01T10:06:00,31.44,TX,Tablet,1,0,0,0,1,0.14,1911,0.79,10,0
acct_5,2026-01-01T09:50:00,46.24,NJ,Tablet,1,0,1,0,1,0.27,1911,1.16,9,0
acct_5,2026-01-01T10:01:00,38.14,TX,Tablet,1,0,1,0,0,0.3,1911,0.95,10,0
acct_5,2026-01-01T10:36:00,42.65,NJ,MacBook,2,0,1,0,0,0.28,1911,1.07,10,0
acct_5,2026-01-01T11:28:00,58.74,TX,MacBook,1,0,1,0,1,0.32,1911,1.47,11,0
acct_5,2026-01-01T11:58:00,47.89,FL,MacBook,1,0,1,0,1,0.12,1911,1.2,11,0
acct_5,2026-01-01T12:15:00,48.46,TX,Tablet,2,0,1,0,0,0.17,1911,1.21,12,0
acct_5,2026-01-01T12:48:00,41.79,TX,MacBook,1,0,0,0,0,0.26,1911,1.04,12,0
acct_5,2026-01-01T10:16:00,35.52,TX,MacBook,1,0,0,0,0,0.11,1911,0.89,10,0
acct_5,2026-01-01T11:36:00,40.91,TX,MacBook,2,0,0,0,0,0.2,1911,1.02,11,0
acct_5,2026-01-01T11:29:00,25.41,TX,MacBook,2,0,0,0,0,0.19,1911,0.64,11,0
acct_5,2026-01-01T13:40:00,48.9,TX,Tablet,2,0,0,0,0,0.29,1911,1.22,13,0
acct_5,2026-01-01T13:36:00,31.08,TX,Tablet,2,0,0,0,1,0.29,1911,0.78,13,0
acct_5,2026-01-01T11:40:00,35.27,NJ,MacBook,2,0,1,0,1,0.14,1911,0.88,11,0
acct_5,2026-01-01T14:08:00,41.97,TX,Tablet,1,0,1,0,0,0.11,1911,1.05,14,0
acct_5,2026-01-01T12:48:00,26.05,TX,MacBook,2,0,0,0,0,0.16,1911,0.65,12,0
acct_5,2026-01-01T14:40:00,22.95,TX,MacBook,1,0,0,0,0,0.16,1911,0.57,14,0
acct_5,2026-01-01T15:48:00,46.48,TX,Tablet,1,0,0,0,0,0.16,1911,1.16,15,0
acct_5,2026-01-01T16:06:00,22.77,TX,Tablet,1,0,0,0,1,0.23,1911,0.57,16,0
acct_5,2026-01-01T15:00:00,36.21,TX,MacBook,1,0,0,0,1,0.24,1911,0.91,15,0
acct_5,2026-01-01T16:13:00,21.99,TX,MacBook,2,0,0,0,0,0.14,1911,0.55,16,0
acct_5,2026-01-01T17:00:00,37.97,TX,MacBook,2,0,0,0,1,0.28,1911,0.95,17,0
acct_5,2026-01-01T14:43:00,39.84,TX,Tablet,1,0,0,0,0,0.31,1911,1.0,14,0
acct_5,2026-01-01T13:20:00,37.95,NJ,Tablet,1,0,1,0,0,0.1,1911,0.95,13,0
acct_5,2026-01-01T12:57:00,59.39,TX,Tablet,2,0,1,0,0,0.28,1911,1.48,12,0
acct_5,2026-01-01T17:04:00,40.39,TX,Tablet,1,0,0,0,0,0.25,1911,1.01,17,0
acct_5,2026-01-01T16:10:00,37.25,TX,Tablet,2,0,0,0,0,0.21,1911,0.93,16,0
acct_5,2026-01-01T14:00:00,54.52,TX,MacBook,2,0,0,0,1,0.19,1911,1.36,14,0
acct_5,2026-01-01T17:52:00,51.57,TX,Tablet,1,0,0,0,1,0.24,1911,1.29,17,0
acct_5,2026-01-01T19:24:00,47.66,TX,MacBook,1,0,0,0,0,0.19,1911,1.19,19,0
acct_5,2026-01-01T15:09:00,43.64,TX,MacBook,1,0,0,0,0,0.14,1911,1.09,15,0
acct_5,2026-01-01T13:20:00,23.33,TX,MacBook,1,0,0,0,1,0.21,1911,0.58,13,0
acct_5,2026-01-01T20:59:00,61.39,TX,Tablet,1,0,0,0,1,0.29,1911,1.53,20,0
acct_5,2026-01-01T19:54:00,40.14,TX,MacBook,2,0,0,0,1,0.17,1911,1.0,19,0
acct_5,2026-01-01T15:10:00,36.85,TX,Tablet,1,0,0,0,0,0.07,1911,0.92,15,0
acct_5,2026-01-01T21:12:00,41.11,NJ,MacBook,2,0,1,0,0,0.24,1911,1.03,21,0
acct_5,2026-01-01T20:00:00,43.73,TX,Tablet,1,0,1,0,0,0.14,1911,1.09,20,0
acct_5,2026-01-01T21:48:00,29.45,TX,MacBook,2,0,0,0,0,0.15,1911,0.74,21,0
acct_5,2026-01-01T15:50:00,51.78,TX,Tablet,2,0,0,0,0,0.13,1911,1.29,15,0
acct_5,2026-01-01T23:12:00,38.81,TX,Tablet,2,0,0,0,1,0.12,1911,0.97,23,0
acct_5,2026-01-01T19:26:00,33.24,TX,Tablet,2,0,0,0,0,0.07,1911,0.83,19,0
acct_5,2026-01-02T00:40:00,43.24,TX,Tablet,1,0,0,0,1,0.1,1911,1.08,0,0
acct_5,2026-01-01T18:12:00,47.7,TX,Tablet,1,0,0,0,1,0.28,1911,1.19,18,0
acct_5,2026-01-01T21:00:00,40.58,TX,Tablet,3,0,0,0,0,0.19,1911,1.01,21,0
acct_5,2026-01-01T23:54:00,62.77,TX,Tablet,1,0,0,0,0,0.13,1911,1.57,23,0
acct_5,2026-01-02T00:12:00,37.15,TX,Tablet,2,0,0,0,0,0.12,1911,0.93,0,0
acct_5,2026-01-01T20:50:00,37.27,TX,Tablet,2,0,0,0,1,0.29,1911,0.93,20,0
acct_5,2026-01-01T15:28:00,52.94,TX,Tablet,1,0,0,0,0,0.28,1911,1.32,15,0
acct_5,2026-01-01T18:27:00,42.4,TX,Tablet,2,0,0,0,0,0.16,1911,1.06,18,0
acct_5,2026-01-01T17:40:00,34.67,TX,Tablet,1,0,0,0,0,0.34,1911,0.87,17,0
acct_5,2026-01-02T03:40:00,34.32,NJ,Tablet,1,0,1,0,0,0.26,1911,0.86,3,0
acct_5,2026-01-01T21:00:00,38.78,TX,MacBook,1,0,1,0,0,0.21,1911,0.97,21,0
acct_5,2026-01-01T23:15:00,42.37,TX,MacBook,2,0,0,0,0,0.31,1911,1.06,23,0
acct_5,2026-01-02T01:34:00,50.92,TX,Tablet,1,0,0,0,1,0.14,1911,1.27,1,0
acct_5,2026-01-01T20:36:00,29.37,TX,MacBook,1,0,0,0,0,0.31,1911,0.73,20,0
acct_5,2026-01-02T02:08:00,50.76,TX,Tablet,1,0,0,0,1,0.11,1911,1.27,2,0
acct_5,2026-01-02T03:30:00,27.34,TX,MacBook,2,0,0,0,1,0.24,1911,0.68,3,0
acct_5,2026-01-01T17:54:00,52.07,TX,Tablet,2,0,0,0,0,0.31,1911,1.3,17,0
acct_5,2026-01-01T20:17:00,45.1,TX,MacBook,2,0,0,0,1,0.21,1911,1.13,20,0
acct_5,2026-01-02T05:32:00,37.32,TX,Tablet,1,0,0,0,0,0.33,1911,0.93,5,0
acct_5,2026-01-01T20:39:00,27.18,TX,MacBook,1,0,0,0,0,0.16,1911,0.68,20,0
acct_5,2026-01-02T06:10:00,49.6,TX,Tablet,1,0,0,0,0,0.21,1911,1.24,6,0
acct_5,2026-01-02T06:29:00,47.69,FL,Tablet,2,0,1,0,0,0.27,1911,1.19,6,0
acct_5,2026-01-02T03:12:00,35.08,TX,Tablet,2,0,1,0,1,0.27,1911,0.88,3,0
acct_5,2026-01-02T08:20:00,364.36,UK,UnrecognizedLaptop,12,1,1,1,5,0.96,1911,9.11,8,1
acct_5,2026-01-01T20:20:00,43.33,TX,Tablet,1,0,1,0,1,0.33,1911,1.08,20,0
acct_5,2026-01-02T00:15:00,7.72,TX,MacBook,1,0,0,0,1,0.3,1911,0.19,0,0
acct_5,2026-01-02T00:28:00,30.0,TX,MacBook,1,0,0,0,0,0.34,1911,0.75,0,0
acct_5,2026-01-02T03:15:00,40.19,TX,MacBook,1,0,0,0,0,0.21,1911,1.0,3,0
acct_5,2026-01-01T23:36:00,68.82,TX,MacBook,2,0,0,0,0,0.28,1911,1.72,23,0
acct_5,2026-01-02T09:01:00,49.85,TX,Tablet,1,0,0,0,0,0.06,1911,1.25,9,0
acct_5,2026-01-02T01:20:00,44.37,CT,Tablet,2,0,1,0,0,0.29,1911,1.11,1,0
acct_5,2026-01-01T20:09:00,28.28,TX,Tablet,1,0,1,0,0,0.29,1911,0.71,20,0
acct_5,2026-01-01T21:40:00,18.64,TX,Tablet,2,0,0,0,0,0.06,1911,0.47,21,0
acct_5,2026-01-02T11:40:00,36.41,TX,MacBook,1,0,0,0,0,0.31,1911,0.91,11,0
acct_5,2026-01-02T03:36:00,22.59,TX,Tablet,2,0,0,0,0,0.24,1911,0.56,3,0
acct_5,2026-01-02T09:30:00,33.69,TX,Tablet,2,0,0,0,0,0.2,1911,0.84,9,0
acct_5,2026-01-01T23:46:00,48.55,TX,Tablet,2,0,0,0,0,0.18,1911,1.21,23,0
acct_5,2026-01-02T13:00:00,35.81,TX,Tablet,2,0,0,0,1,0.13,1911,0.9,13,0
acct_5,2026-01-02T04:32:00,22.76,TX,Tablet,1,0,0,0,1,0.22,1911,0.57,4,0
acct_5,2026-01-02T06:15:00,29.7,TX,Tablet,2,0,0,0,0,0.07,1911,0.74,6,0
acct_5,2026-01-02T14:00:00,26.25,TX,Tablet,2,0,0,0,1,0.18,1911,0.66,14,0
acct_5,2026-01-02T03:43:00,43.36,TX,MacBook,2,0,0,0,0,0.35,1911,1.08,3,0
acct_5,2026-01-02T10:04:00,47.83,TX,MacBook,1,0,0,0,0,0.33,1911,1.2,10,0
acct_5,2026-01-02T01:03:00,43.01,TX,Tablet,2,0,0,0,0,0.27,1911,1.08,1,0
acct_5,2026-01-02T01:14:00,61.7,TX,MacBook,1,0,0,0,0,0.15,1911,1.54,1,0
acct_5,2026-01-02T15:40:00,48.37,TX,Tablet,2,0,0,0,0,0.11,1911,1.21,15,0
acct_5,2026-01-02T09:36:00,40.03,TX,Tablet,1,0,0,0,0,0.16,1911,1.0,9,0
acct_5,2026-01-02T13:06:00,32.43,TX,Tablet,1,0,0,0,0,0.07,1911,0.81,13,0
acct_5,2026-01-02T13:24:00,43.49,TX,MacBook,1,0,0,0,0,0.06,1911,1.09,13,0
acct_5,2026-01-02T13:42:00,18.87,TX,Tablet,2,0,0,0,0,0.2,1911,0.47,13,0
acct_5,2026-01-02T12:20:00,33.7,TX,MacBook,1,0,0,0,0,0.06,1911,0.84,12,0
acct_5,2026-01-02T10:56:00,36.07,TX,Tablet,2,0,0,0,0,0.26,1911,0.9,10,0
acct_5,2026-01-02T06:06:00,34.82,FL,MacBook,1,0,1,0,0,0.24,1911,0.87,6,0
acct_5,2026-01-02T08:02:00,54.18,TX,MacBook,1,0,1,0,0,0.1,1911,1.35,8,0
acct_5,2026-01-02T08:16:00,37.63,TX,Tablet,1,0,0,0,1,0.12,1911,0.94,8,0
acct_5,2026-01-02T01:30:00,32.25,TX,MacBook,2,0,0,0,0,0.11,1911,0.81,1,0
acct_5,2026-01-02T01:40:00,26.75,TX,Tablet,1,0,0,0,0,0.26,1911,0.67,1,0
acct_5,2026-01-02T12:32:00,48.94,CT,Tablet,1,0,1,0,0,0.07,1911,1.22,12,0
acct_5,2026-01-02T12:48:00,44.76,TX,Tablet,1,0,1,0,0,0.28,1911,1.12,12,0
acct_5,2026-01-02T09:26:00,48.25,TX,MacBook,1,0,0,0,0,0.28,1911,1.21,9,0
acct_5,2026-01-02T00:30:00,41.56,FL,MacBook,2,0,1,0,0,0.23,1911,1.04,0,0
acct_5,2026-01-02T04:21:00,36.38,TX,MacBook,1,0,1,0,0,0.2,1911,0.91,4,0
acct_5,2026-01-02T15:44:00,25.8,TX,MacBook,2,0,0,0,1,0.19,1911,0.65,15,0
acct_5,2026-01-02T02:50:00,40.89,TX,Tablet,2,0,0,0,0,0.34,1911,1.02,2,0
acct_5,2026-01-02T04:54:00,38.57,TX,Tablet,1,0,0,0,0,0.33,1911,0.96,4,0
acct_5,2026-01-02T12:45:00,47.79,TX,MacBook,1,0,0,0,0,0.18,1911,1.19,12,0
acct_5,2026-01-02T22:40:00,55.75,TX,MacBook,2,0,0,0,1,0.23,1911,1.39,22,0
acct_5,2026-01-02T21:03:00,28.85,TX,Tablet,1,0,0,0,0,0.19,1911,0.72,21,0
acct_5,2026-01-01T23:44:00,45.4,TX,Tablet,1,0,0,0,1,0.2,1911,1.14,23,0
acct_5,2026-01-02T19:42:00,46.31,TX,MacBook,1,0,0,0,0,0.19,1911,1.16,19,0
acct_5,2026-01-02T12:00:00,33.82,TX,Tablet,3,0,0,0,1,0.3,1911,0.85,12,0
acct_5,2026-01-02T14:15:00,49.93,TX,Tablet,2,0,0,0,1,0.17,1911,1.25,14,0
acct_5,2026-01-02T14:30:00,50.86,CT,MacBook,2,0,1,0,0,0.13,1911,1.27,14,0
acct_5,2026-01-02T22:57:00,30.62,TX,Tablet,1,0,1,0,0,0.08,1911,0.77,22,0
acct_5,2026-01-02T15:00:00,37.19,TX,Tablet,1,0,0,0,1,0.22,1911,0.93,15,0
acct_5,2026-01-02T00:40:00,42.53,TX,Tablet,1,0,0,0,0,0.31,1911,1.06,0,0
acct_5,2026-01-02T05:00:00,40.39,TX,MacBook,1,0,0,0,0,0.24,1911,1.01,5,0
acct_5,2026-01-02T03:03:00,60.42,TX,MacBook,1,0,0,0,0,0.19,1911,1.51,3,0
acct_5,2026-01-02T16:00:00,38.97,CT,Tablet,1,0,1,0,1,0.19,1911,0.97,16,0
acct_5,2026-01-02T16:15:00,51.89,TX,MacBook,2,0,1,0,0,0.06,1911,1.3,16,0
acct_5,2026-01-02T05:40:00,48.72,TX,Tablet,2,0,0,0,0,0.15,1911,1.22,5,0
acct_5,2026-01-02T03:39:00,49.9,TX,MacBook,2,0,0,0,0,0.34,1911,1.25,3,0
acct_5,2026-01-03T01:48:00,345.27,RU,UnknownDevice,9,1,1,1,4,0.84,1911,8.63,1,1
acct_5,2026-01-02T15:02:00,47.2,TX,Tablet,1,0,1,0,0,0.19,1911,1.18,15,0
acct_5,2026-01-02T04:06:00,37.27,TX,Tablet,1,0,0,0,0,0.23,1911,0.93,4,0
acct_5,2026-01-02T04:15:00,14.9,TX,Tablet,1,0,0,0,1,0.27,1911,0.37,4,0
acct_5,2026-01-02T22:32:00,66.8,TX,MacBook,1,0,0,0,0,0.21,1911,1.67,22,0
acct_5,2026-01-02T22:49:00,36.8,TX,MacBook,2,0,0,0,1,0.29,1911,0.92,22,0
acct_5,2026-01-02T23:06:00,40.9,TX,Tablet,2,0,0,0,0,0.19,1911,1.02,23,0
acct_5,2026-01-03T06:20:00,54.32,TX,MacBook,2,0,0,0,1,0.06,1911,1.36,6,0
acct_5,2026-01-02T14:20:00,26.77,TX,Tablet,1,0,0,0,0,0.13,1911,0.67,14,0
acct_5,2026-01-02T05:09:00,35.78,TX,Tablet,2,0,0,0,0,0.26,1911,0.89,5,0
acct_5,2026-01-02T14:46:00,29.7,CT,Tablet,2,0,1,0,0,0.3,1911,0.74,14,0
acct_5,2026-01-03T02:54:00,28.75,TX,Tablet,2,0,1,0,1,0.1,1911,0.72,2,0
acct_5,2026-01-02T20:00:00,49.66,TX,MacBook,1,0,0,0,0,0.3,1911,1.24,20,0
acct_5,2026-01-02T13:00:00,26.18,TX,Tablet,1,0,0,0,0,0.22,1911,0.65,13,0
acct_5,2026-01-02T15:38:00,46.41,TX,Tablet,1,0,0,0,0,0.3,1911,1.16,15,0
acct_5,2026-01-02T15:51:00,53.96,TX,MacBook,1,0,0,0,0,0.23,1911,1.35,15,0
acct_5,2026-01-03T09:20:00,40.15,TX,Tablet,1,0,0,0,0,0.17,1911,1.0,9,0
acct_5,2026-01-02T21:15:00,46.9,TX,MacBook,1,0,0,0,0,0.21,1911,1.17,21,0
acct_6,2026-01-01T08:00:00,80.03,CA,MacBook,2,0,0,0,1,0.2,598,1.33,8,0
acct_6,2026-01-01T08:20:00,42.44,CA,Android,2,0,0,0,0,0.28,598,0.71,8,0
acct_6,2026-01-01T08:20:00,60.83,FL,MacBook,1,0,1,0,0,0.27,598,1.01,8,0
acct_6,2026-01-01T08:45:00,37.17,CA,Android,2,0,1,0,0,0.26,598,0.62,8,0
acct_6,2026-01-01T09:08:00,69.36,NY,Android,1,0,1,0,0,0.22,598,1.16,9,0
acct_6,2026-01-01T09:00:00,53.38,CA,Android,1,0,1,0,0,0.21,598,0.89,9,0
acct_6,2026-01-01T10:00:00,53.0,CA,Android,2,0,0,0,0,0.05,598,0.88,10,0
acct_6,2026-01-01T09:59:00,53.51,CA,Android,1,0,0,0,0,0.09,598,0.89,9,0
acct_6,2026-01-01T10:32:00,66.52,CA,Android,1,0,0,0,0,0.21,598,1.11,10,0
acct_6,2026-01-01T09:12:00,71.58,CA,MacBook,2,0,0,0,1,0.07,598,1.19,9,0
acct_6,2026-01-01T10:20:00,41.77,NJ,Android,2,0,1,0,0,0.14,598,0.7,10,0
acct_6,2026-01-01T10:01:00,54.83,CA,Android,1,0,1,0,0,0.08,598,0.91,10,0
acct_6,2026-01-01T12:00:00,74.76,CA,Android,1,0,0,0,1,0.12,598,1.25,12,0
acct_6,2026-01-01T10:23:00,79.75,CA,Android,2,0,0,0,1,0.11,598,1.33,10,0
acct_6,2026-01-01T12:12:00,45.6,CA,Android,2,0,0,0,0,0.07,598,0.76,12,0
acct_6,2026-01-01T10:15:00,50.07,CA,Android,2,0,0,0,0,0.2,598,0.83,10,0
acct_6,2026-01-01T11:44:00,71.03,CA,MacBook,1,0,0,0,0,0.21,598,1.18,11,0
acct_6,2026-01-01T11:58:00,50.67,CA,MacBook,1,0,0,0,1,0.17,598,0.84,11,0
acct_6,2026-01-01T11:54:00,65.99,CA,Android,2,0,0,0,0,0.21,598,1.1,11,0
acct_6,2026-01-01T11:29:00,70.37,CA,Android,2,0,0,0,0,0.23,598,1.17,11,0
acct_6,2026-01-01T13:00:00,56.9,CA,Android,2,0,0,0,1,0.07,598,0.95,13,0
acct_6,2026-01-01T11:09:00,52.03,CA,Android,1,0,0,0,1,0.24,598,0.87,11,0
acct_6,2026-01-01T10:56:00,83.29,NJ,MacBook,2,0,1,0,0,0.25,598,1.39,10,0
acct_6,2026-01-01T13:45:00,45.37,CA,MacBook,1,0,1,0,0,0.25,598,0.76,13,0
acct_6,2026-01-01T13:12:00,51.8,CA,Android,2,0,0,0,0,0.35,598,0.86,13,0
acct_6,2026-01-01T15:05:00,103.93,CA,MacBook,2,0,0,0,0,0.07,598,1.73,15,0
acct_6,2026-01-01T14:56:00,60.6,CA,Android,1,0,0,0,0,0.31,598,1.01,14,0
acct_6,2026-01-01T11:36:00,62.16,CA,Android,2,0,0,0,1,0.17,598,1.04,11,0
acct_6,2026-01-01T14:32:00,38.77,CA,MacBook,1,0,0,0,1,0.3,598,0.65,14,0
acct_6,2026-01-01T14:17:00,64.65,NJ,MacBook,1,0,1,0,0,0.05,598,1.08,14,0
acct_6,2026-01-01T17:00:00,83.86,CA,Android,2,0,1,0,0,0.08,598,1.4,17,0
acct_6,2026-01-01T17:18:00,70.24,NJ,Android,1,0,1,0,0,0.19,598,1.17,17,0
acct_6,2026-01-01T15:28:00,44.47,CA,MacBook,1,0,1,0,1,0.23,598,0.74,15,0
acct_6,2026-01-01T17:21:00,35.7,CA,Android,2,0,0,0,1,0.33,598,0.6,17,0
acct_6,2026-01-01T17:38:00,32.17,CA,Android,3,0,0,0,0,0.22,598,0.54,17,0
acct_6,2026-01-01T19:05:00,81.27,CA,Android,2,0,0,0,1,0.21,598,1.35,19,0
acct_6,2026-01-01T17:36:00,64.97,CA,MacBook,1,0,0,0,0,0.23,598,1.08,17,0
acct_6,2026-01-01T16:01:00,57.84,CA,Android,1,0,0,0,0,0.18,598,0.96,16,0
acct_6,2026-01-01T20:40:00,57.49,CA,Android,2,0,0,0,0,0.07,598,0.96,20,0
acct_6,2026-01-01T17:45:00,42.75,CA,Android,1,0,0,0,0,0.14,598,0.71,17,0
acct_6,2026-01-01T14:00:00,64.19,CA,Android,2,0,0,0,0,0.23,598,1.07,14,0
acct_6,2026-01-01T16:12:00,61.59,CA,MacBook,1,0,0,0,0,0.25,598,1.03,16,0
acct_6,2026-01-01T17:06:00,64.15,CA,Android,1,0,0,0,0,0.29,598,1.07,17,0
acct_6,2026-01-01T13:44:00,56.53,CA,MacBook,2,0,0,0,1,0.28,598,0.94,13,0
acct_6,2026-01-01T18:16:00,61.41,CA,MacBook,1,0,0,0,0,0.22,598,1.02,18,0
acct_6,2026-01-01T17:45:00,71.08,CA,MacBook,2,0,0,0,0,0.19,598,1.18,17,0
acct_6,2026-01-01T19:30:00,52.12,CA,MacBook,2,0,0,0,1,0.26,598,0.87,19,0
acct_6,2026-01-01T18:58:00,51.71,CA,MacBook,2,0,0,0,0,0.33,598,0.86,18,0
acct_6,2026-01-01T20:00:00,50.36,CA,MacBook,2,0,0,0,0,0.33,598,0.84,20,0
acct_6,2026-01-01T22:42:00,42.44,CA,Android,2,0,0,0,0,0.13,598,0.71,22,0
acct_6,2026-01-02T00:40:00,77.83,CA,MacBook,2,0,0,0,0,0.21,598,1.3,0,0
acct_6,2026-01-01T23:18:00,56.54,CA,MacBook,1,0,0,0,0,0.05,598,0.94,23,0
acct_6,2026-01-01T15:48:00,37.47,CA,Android,1,0,0,0,0,0.11,598,0.62,15,0
acct_6,2026-01-01T15:04:00,56.24,CA,MacBook,1,0,0,0,0,0.26,598,0.94,15,0
acct_6,2026-01-01T16:06:00,77.5,CA,MacBook,2,0,0,0,0,0.26,598,1.29,16,0
acct_6,2026-01-01T19:00:00,53.91,CA,Android,2,0,0,0,0,0.28,598,0.9,19,0
acct_6,2026-01-02T01:44:00,81.12,CA,MacBook,1,0,0,0,0,0.13,598,1.35,1,0
acct_6,2026-01-01T15:36:00,50.0,CA,Android,2,0,0,0,0,0.18,598,0.83,15,0
acct_6,2026-01-01T22:30:00,69.96,CA,Android,1,0,0,0,0,0.09,598,1.17,22,0
acct_6,2026-01-02T03:40:00,41.2,CA,Android,2,0,0,0,0,0.08,598,0.69,3,0
acct_6,2026-01-01T17:00:00,81.86,CA,MacBook,2,0,0,0,1,0.09,598,1.36,17,0
acct_6,2026-01-02T02:18:00,64.17,CA,MacBook,2,0,0,0,0,0.32,598,1.07,2,0
acct_6,2026-01-02T01:34:00,83.52,CA,Android,2,0,0,0,1,0.17,598,1.39,1,0
acct_6,2026-01-02T03:57:00,65.08,CA,MacBook,1,0,0,0,1,0.34,598,1.08,3,0
acct_6,2026-01-02T05:20:00,40.71,CA,Android,2,0,0,0,0,0.17,598,0.68,5,0
acct_6,2026-01-02T03:30:00,81.65,CA,Android,1,0,0,0,0,0.3,598,1.36,3,0
acct_6,2026-01-02T06:00:00,62.24,CA,MacBook,1,0,0,0,1,0.25,598,1.04,6,0
acct_6,2026-01-01T21:24:00,49.35,CA,Android,1,0,0,0,1,0.08,598,0.82,21,0
acct_6,2026-01-02T04:24:00,51.01,CA,MacBook,2,0,0,0,0,0.2,598,0.85,4,0
acct_6,2026-01-01T18:21:00,65.72,CA,Android,1,0,0,0,0,0.06,598,1.1,18,0
acct_6,2026-01-01T17:20:00,47.45,CA,MacBook,2,0,0,0,1,0.33,598,0.79,17,0
acct_6,2026-01-02T02:56:00,71.71,NY,MacBook,2,0,1,0,1,0.25,598,1.2,2,0
acct_6,2026-01-02T02:00:00,77.38,CA,MacBook,1,0,1,0,0,0.1,598,1.29,2,0
acct_6,2026-01-01T17:44:00,82.97,CA,MacBook,1,0,0,0,0,0.3,598,1.38,17,0
acct_6,2026-01-01T19:06:00,75.2,CA,MacBook,2,0,0,0,0,0.18,598,1.25,19,0
acct_6,2026-01-02T09:00:00,72.61,CA,MacBook,1,0,0,0,0,0.15,598,1.21,9,0
acct_6,2026-01-02T09:20:00,61.05,CA,MacBook,2,0,0,0,0,0.13,598,1.02,9,0
acct_6,2026-01-02T09:40:00,40.06,CA,Android,2,0,0,0,0,0.33,598,0.67,9,0
acct_6,2026-01-01T18:24:00,77.76,CA,Android,2,0,0,0,0,0.05,598,1.3,18,0
acct_6,2026-01-02T03:45:00,61.58,NJ,Android,2,0,1,0,1,0.26,598,1.03,3,0
acct_6,2026-01-02T10:40:00,63.25,CA,Android,1,0,1,0,1,0.17,598,1.05,10,0
acct_6,2026-01-01T21:30:00,56.81,CA,Android,1,0,0,0,0,0.24,598,0.95,21,0
acct_6,2026-01-02T11:20:00,55.06,CA,MacBook,2,0,0,0,0,0.35,598,0.92,11,0
acct_6,2026-01-01T20:27:00,38.07,FL,MacBook,1,0,1,0,1,0.28,598,0.63,20,0
acct_6,2026-01-02T09:12:00,61.29,CA,MacBook,2,0,1,0,1,0.2,598,1.02,9,0
acct_6,2026-01-01T22:10:00,57.86,CA,Android,1,0,0,0,0,0.18,598,0.96,22,0
acct_6,2026-01-02T02:38:00,36.6,CA,MacBook,1,0,0,0,0,0.33,598,0.61,2,0
acct_6,2026-01-01T22:30:00,61.99,CA,MacBook,2,0,0,0,0,0.27,598,1.03,22,0
acct_6,2026-01-02T08:56:00,46.29,CA,Android,1,0,0,0,0,0.28,598,0.77,8,0
acct_6,2026-01-02T03:17:00,61.54,CA,MacBook,2,0,0,0,1,0.32,598,1.03,3,0
acct_6,2026-01-01T21:30:00,43.02,CT,MacBook,2,0,1,0,1,0.1,598,0.72,21,0
acct_6,2026-01-02T03:43:00,75.66,CA,Android,2,0,1,0,0,0.15,598,1.26,3,0
acct_6,2026-01-01T20:16:00,58.13,CA,Android,1,0,0,0,1,0.18,598,0.97,20,0
acct_6,2026-01-02T15:00:00,42.65,CA,MacBook,2,0,0,0,0,0.08,598,0.71,15,0
acct_6,2026-01-02T09:04:00,10.63,CA,Android,2,0,0,0,0,0.05,598,0.18,9,0
acct_6,2026-01-02T06:10:00,59.02,CA,MacBook,1,0,0,0,0,0.32,598,0.98,6,0
acct_6,2026-01-01T20:48:00,56.08,NJ,MacBook,2,0,1,0,1,0.21,598,0.93,20,0
acct_6,2026-01-02T08:15:00,68.49,CA,Android,1,0,1,0,0,0.07,598,1.14,8,0
acct_6,2026-01-02T16:40:00,84.26,CT,Android,2,0,1,0,0,0.12,598,1.4,16,0
acct_6,2026-01-01T22:51:00,82.19,CA,Android,2,0,1,0,0,0.34,598,1.37,22,0
acct_6,2026-01-02T09:00:00,64.18,CA,Android,1,0,0,0,1,0.26,598,1.07,9,0
acct_6,2026-01-01T21:28:00,63.67,CA,MacBook,1,0,0,0,0,0.18,598,1.06,21,0
acct_6,2026-01-02T04:24:00,53.38,CA,MacBook,1,0,0,0,0,0.24,598,0.89,4,0
acct_6,2026-01-02T06:19:00,59.55,NJ,Android,1,0,1,0,0,0.08,598,0.99,6,0
acct_6,2026-01-02T06:32:00,55.77,CA,MacBook,2,0,1,0,0,0.09,598,0.93,6,0
acct_6,2026-01-02T06:45:00,60.53,CA,MacBook,2,0,0,0,0,0.15,598,1.01,6,0
acct_6,2026-01-02T05:12:00,44.27,CA,Android,1,0,0,0,0,0.19,598,0.74,5,0
acct_6,2026-01-02T12:32:00,52.43,CA,Android,1,0,0,0,1,0.24,598,0.87,12,0
acct_6,2026-01-02T20:00:00,49.31,NY,MacBook,1,0,1,0,1,0.08,598,0.82,20,0
acct_6,2026-01-02T09:26:00,69.92,NY,MacBook,1,0,0,0,0,0.08,598,1.17,9,0
acct_6,2026-01-02T02:20:00,29.42,CA,MacBook,2,0,1,0,0,0.17,598,0.49,2,0
acct_6,2026-01-02T17:18:00,52.29,CA,Android,1,0,0,0,0,0.14,598,0.87,17,0
acct_6,2026-01-02T00:48:00,86.74,CA,Android,2,0,0,0,1,0.22,598,1.45,0,0
acct_6,2026-01-02T17:54:00,51.9,CA,Android,1,0,0,0,1,0.14,598,0.86,17,0
acct_6,2026-01-02T03:00:00,70.3,CA,MacBook,1,0,0,0,1,0.16,598,1.17,3,0
acct_6,2026-01-02T07:00:00,60.58,CA,Android,1,0,0,0,0,0.24,598,1.01,7,0
acct_6,2026-01-02T03:20:00,57.08,NJ,MacBook,1,0,1,0,0,0.12,598,0.95,3,0
acct_6,2026-01-01T23:36:00,79.59,CA,Android,1,0,1,0,0,0.11,598,1.33,23,0
acct_6,2026-01-02T21:22:00,72.79,CA,Android,2,0,0,0,1,0.21,598,1.21,21,0
acct_6,2026-01-02T03:50:00,52.54,CA,Android,1,0,0,0,0,0.33,598,0.88,3,0
acct_6,2026-01-02T10:00:00,82.13,CA,Android,3,0,0,0,0,0.19,598,1.37,10,0
acct_6,2026-01-02T08:12:00,84.67,NJ,MacBook,1,0,1,0,1,0.15,598,1.41,8,0
acct_6,2026-01-02T02:18:00,56.29,CA,MacBook,1,0,1,0,0,0.06,598,0.94,2,0
acct_6,2026-01-02T18:51:00,68.81,CA,MacBook,1,0,0,0,0,0.23,598,1.15,18,0
acct_6,2026-01-02T06:44:00,65.0,CA,MacBook,1,0,0,0,1,0.25,598,1.08,6,0
acct_6,2026-01-02T02:45:00,74.85,CA,MacBook,1,0,0,0,0,0.17,598,1.25,2,0
acct_6,2026-01-02T23:54:00,68.75,CA,Android,1,0,0,0,0,0.16,598,1.15,23,0
acct_6,2026-01-02T15:45:00,64.52,CA,Android,1,0,0,0,1,0.29,598,1.08,15,0
acct_6,2026-01-02T09:36:00,72.48,NJ,Android,2,0,1,0,0,0.3,598,1.21,9,0
acct_6,2026-01-02T20:33:00,68.78,CA,Android,2,0,1,0,0,0.33,598,1.15,20,0
acct_6,2026-01-02T20:50:00,60.25,CA,Android,1,0,0,0,1,0.1,598,1.0,20,0
acct_6,2026-01-02T16:45:00,53.78,CA,MacBook,1,0,0,0,1,0.14,598,0.9,16,0
acct_6,2026-01-02T17:00:00,87.08,CA,Android,2,0,0,0,1,0.22,598,1.45,17,0
acct_6,2026-01-02T17:15:00,64.23,CA,Android,2,0,0,0,1,0.09,598,1.07,17,0
acct_6,2026-01-03T00:12:00,72.18,CA,MacBook,1,0,0,0,0,0.09,598,1.2,0,0
acct_6,2026-01-02T11:00:00,20.2,CA,Android,2,0,0,0,1,0.22,598,0.34,11,0
acct_6,2026-01-02T11:12:00,48.17,CA,MacBook,1,0,0,0,0,0.2,598,0.8,11,0
acct_6,2026-01-02T22:49:00,71.56,CA,MacBook,2,0,0,0,0,0.19,598,1.19,22,0
acct_6,2026-01-03T03:42:00,65.9,CA,Android,2,0,0,0,0,0.06,598,1.1,3,0
acct_6,2026-01-02T11:48:00,25.4,CA,MacBook,1,0,0,0,0,0.23,598,0.42,11,0
acct_6,2026-01-02T07:20:00,30.7,CA,Android,1,0,0,0,0,0.26,598,0.51,7,0
acct_6,2026-01-03T04:39:00,47.95,CA,MacBook,2,0,0,0,0,0.09,598,0.8,4,0
acct_6,2026-01-02T12:24:00,47.94,CA,MacBook,2,0,0,0,0,0.12,598,0.8,12,0
acct_6,2026-01-02T22:08:00,61.75,FL,MacBook,2,0,1,0,1,0.19,598,1.03,22,0
acct_6,2026-01-02T05:36:00,65.92,CA,Android,2,0,1,0,0,0.26,598,1.1,5,0
acct_6,2026-01-02T08:10:00,72.88,CA,Android,1,0,0,0,0,0.26,598,1.21,8,0
acct_6,2026-01-02T03:28:00,59.74,CA,MacBook,1,0,0,0,0,0.14,598,1.0,3,0
acct_6,2026-01-02T10:57:00,64.15,CA,MacBook,2,0,0,0,0,0.06,598,1.07,10,0
acct_6,2026-01-02T21:00:00,60.2,CA,MacBook,1,0,0,0,1,0.09,598,1.0,21,0
acct_6,2026-01-02T13:48:00,72.24,CA,MacBook,2,0,0,0,0,0.33,598,1.2,13,0
acct_7,2026-01-01T08:00:00,113.72,CA,iPhone,1,0,1,0,0,0.31,1263,1.34,8,0
acct_7,2026-01-01T08:20:00,82.88,NY,Windows,1,0,1,0,0,0.21,1263,0.98,8,0
acct_7,2026-01-01T08:38:00,91.21,FL,Windows,2,0,1,0,0,0.33,1263,1.07,8,0
acct_7,2026-01-01T08:48:00,99.33,NY,Windows,1,0,1,0,1,0.25,1263,1.17,8,0
acct_7,2026-01-01T08:36:00,93.37,NY,Windows,2,0,0,0,0,0.17,1263,1.1,8,0
acct_7,2026-01-01T09:40:00,95.87,NY,Windows,1,0,0,0,1,0.28,1263,1.13,9,0
acct_7,2026-01-01T09:54:00,76.9,NY,iPhone,2,0,0,0,0,0.17,1263,0.9,9,0
acct_7,2026-01-01T09:45:00,748.26,UK,UnrecognizedLaptop,12,1,1,1,3,0.88,1263,8.8,9,1
acct_7,2026-01-01T09:36:00,107.36,NY,iPhone,1,0,1,0,0,0.1,1263,1.26,9,0
acct_7,2026-01-01T10:42:00,75.0,NY,Windows,2,0,0,0,0,0.09,1263,0.88,10,0
acct_7,2026-01-01T10:20:00,65.18,NY,Windows,1,0,0,0,0,0.16,1263,0.77,10,0
acct_7,2026-01-01T10:01:00,69.9,NY,Windows,2,0,0,0,1,0.27,1263,0.82,10,0
acct_7,2026-01-01T10:24:00,88.37,NY,iPhone,1,0,0,0,0,0.19,1263,1.04,10,0
acct_7,2026-01-01T11:41:00,144.86,NY,Windows,1,0,0,0,1,0.08,1263,1.7,11,0
acct_7,2026-01-01T10:48:00,69.64,NY,Windows,2,0,0,0,0,0.3,1263,0.82,10,0
acct_7,2026-01-01T11:45:00,60.19,NY,iPhone,1,0,0,0,0,0.14,1263,0.71,11,0
acct_7,2026-01-01T12:32:00,91.97,NY,iPhone,2,0,0,0,1,0.11,1263,1.08,12,0
acct_7,2026-01-01T13:06:00,59.81,NY,Windows,2,0,0,0,0,0.35,1263,0.7,13,0
acct_7,2026-01-01T10:42:00,71.25,NY,iPhone,2,0,0,0,0,0.06,1263,0.84,10,0
acct_7,2026-01-01T13:04:00,65.09,CT,iPhone,1,0,1,0,1,0.09,1263,0.77,13,0
acct_7,2026-01-01T14:20:00,57.31,NY,iPhone,2,0,1,0,1,0.19,1263,0.67,14,0
acct_7,2026-01-01T11:30:00,63.84,NY,iPhone,1,0,0,0,0,0.28,1263,0.75,11,0
acct_7,2026-01-01T12:24:00,82.82,NY,iPhone,2,0,0,0,0,0.29,1263,0.97,12,0
acct_7,2026-01-01T14:31:00,358.29,FL,NewPhone,11,0,1,1,2,0.85,1263,4.22,14,1
acct_7,2026-01-01T13:12:00,78.84,NY,Windows,2,0,1,0,0,0.23,1263,0.93,13,0
acct_7,2026-01-01T15:55:00,101.61,NY,Windows,2,0,0,0,0,0.06,1263,1.2,15,0
acct_7,2026-01-01T15:48:00,103.0,CA,Windows,1,0,1,0,1,0.23,1263,1.21,15,0
acct_7,2026-01-01T13:51:00,69.8,NY,iPhone,2,0,1,0,0,0.26,1263,0.82,13,0
acct_7,2026-01-01T13:08:00,72.08,NY,iPhone,2,0,0,0,0,0.23,1263,0.85,13,0
acct_7,2026-01-01T14:17:00,99.0,NY,Windows,1,0,0,0,0,0.14,1263,1.16,14,0
acct_7,2026-01-01T12:00:00,76.87,NY,Windows,2,0,0,0,0,0.23,1263,0.9,12,0
acct_7,2026-01-01T14:12:00,119.83,NY,Windows,2,0,0,0,0,0.29,1263,1.41,14,0
acct_7,2026-01-01T17:36:00,96.26,NY,iPhone,1,0,0,0,0,0.17,1263,1.13,17,0
acct_7,2026-01-01T14:36:00,68.49,NY,Windows,1,0,0,0,0,0.24,1263,0.81,14,0
acct_7,2026-01-01T17:04:00,103.13,NY,iPhone,1,0,0,0,0,0.33,1263,1.21,17,0
acct_7,2026-01-01T17:20:00,100.05,FL,Windows,1,0,1,0,0,0.16,1263,1.18,17,0
acct_7,2026-01-01T14:00:00,87.13,NY,iPhone,2,0,1,0,1,0.15,1263,1.03,14,0
acct_7,2026-01-01T13:33:00,57.61,NY,iPhone,1,0,0,0,0,0.13,1263,0.68,13,0
acct_7,2026-01-01T18:46:00,86.37,NY,Windows,2,0,0,0,0,0.29,1263,1.02,18,0
acct_7,2026-01-01T15:48:00,58.46,NY,Windows,2,0,0,0,0,0.1,1263,0.69,15,0
acct_7,2026-01-01T14:40:00,121.9,NY,Windows,2,0,0,0,0,0.34,1263,1.43,14,0
acct_7,2026-01-01T18:15:00,86.44,CA,iPhone,1,0,1,0,0,0.32,1263,1.02,18,0
acct_7,2026-01-01T17:48:00,110.27,TX,Windows,1,0,1,0,0,0.08,1263,1.3,17,0
acct_7,2026-01-01T21:37:00,74.22,NY,iPhone,1,0,1,0,1,0.32,1263,0.87,21,0
acct_7,2026-01-01T16:04:00,55.36,NY,iPhone,1,0,0,0,0,0.33,1263,0.65,16,0
acct_7,2026-01-01T16:15:00,93.13,TX,iPhone,2,0,1,0,0,0.31,1263,1.1,16,0
acct_7,2026-01-01T14:08:00,64.45,CA,iPhone,2,0,1,0,1,0.25,1263,0.76,14,0
acct_7,2026-01-01T17:24:00,938.01,CN,NewPhone,12,1,1,1,4,0.95,1263,11.04,17,1
acct_7,2026-01-01T14:24:00,56.82,NY,Windows,1,0,1,0,0,0.13,1263,0.67,14,0
acct_7,2026-01-01T19:26:00,65.5,NY,Windows,3,0,0,0,0,0.31,1263,0.77,19,0
acct_7,2026-01-01T19:40:00,139.01,CA,iPhone,2,0,1,0,0,0.33,1263,1.64,19,0
acct_7,2026-01-02T01:00:00,500.11,CN,UnknownDevice,12,1,1,1,4,0.96,1263,5.88,1,1
acct_7,2026-01-02T01:20:00,778.21,RU,NewPhone,6,1,1,1,5,0.86,1263,9.16,1,1
acct_7,2026-01-01T20:22:00,102.11,NY,Windows,1,0,1,0,0,0.26,1263,1.2,20,0
acct_7,2026-01-01T22:24:00,105.31,NY,iPhone,2,0,0,0,1,0.26,1263,1.24,22,0
acct_7,2026-01-02T02:20:00,113.82,NY,Windows,2,0,0,0,0,0.17,1263,1.34,2,0
acct_7,2026-01-02T00:48:00,75.48,NY,Windows,2,0,0,0,0,0.3,1263,0.89,0,0
acct_7,2026-01-02T01:06:00,42.46,NY,Windows,2,0,0,0,0,0.1,1263,0.5,1,0
acct_7,2026-01-02T00:26:00,102.67,NY,iPhone,1,0,0,0,0,0.1,1263,1.21,0,0
acct_7,2026-01-01T21:46:00,126.51,NY,Windows,1,0,0,0,0,0.32,1263,1.49,21,0
acct_7,2026-01-01T23:00:00,95.55,NY,iPhone,2,0,0,0,1,0.23,1263,1.12,23,0
acct_7,2026-01-01T18:10:00,102.25,NY,Windows,2,0,0,0,1,0.28,1263,1.2,18,0
acct_7,2026-01-01T23:30:00,96.58,NY,Windows,1,0,0,0,0,0.33,1263,1.14,23,0
acct_7,2026-01-02T05:00:00,81.42,NY,iPhone,2,0,0,0,0,0.23,1263,0.96,5,0
acct_7,2026-01-01T20:48:00,82.99,NY,Windows,1,0,0,0,0,0.14,1263,0.98,20,0
acct_7,2026-01-01T21:00:00,87.12,NY,iPhone,2,0,0,0,0,0.05,1263,1.02,21,0
acct_7,2026-01-01T19:00:00,124.76,NY,Windows,1,0,0,0,1,0.26,1263,1.47,19,0
acct_7,2026-01-02T05:13:00,78.22,NY,Windows,1,0,0,0,0,0.33,1263,0.92,5,0
acct_7,2026-01-02T01:00:00,145.28,FL,Windows,1,0,1,0,0,0.13,1263,1.71,1,0
acct_7,2026-01-02T03:33:00,42.09,NY,Windows,2,0,1,0,0,0.22,1263,0.5,3,0
acct_7,2026-01-01T22:00:00,96.95,NY,iPhone,2,0,0,0,0,0.08,1263,1.14,22,0
acct_7,2026-01-02T06:29:00,73.46,NY,Windows,1,0,0,0,0,0.2,1263,0.86,6,0
acct_7,2026-01-01T22:24:00,84.34,NY,iPhone,1,0,0,0,0,0.21,1263,0.99,22,0
acct_7,2026-01-02T01:02:00,99.45,CT,iPhone,1,0,1,0,0,0.11,1263,1.17,1,0
acct_7,2026-01-01T17:52:00,85.72,NY,iPhone,2,0,1,0,1,0.08,1263,1.01,17,0
acct_7,2026-01-02T02:45:00,104.3,NY,iPhone,2,0,0,0,1,0.2,1263,1.23,2,0
acct_7,2026-01-02T08:04:00,92.32,NY,iPhone,1,0,0,0,0,0.3,1263,1.09,8,0
acct_7,2026-01-02T08:23:00,68.06,FL,Windows,1,0,1,0,0,0.21,1263,0.8,8,0
acct_7,2026-01-02T06:06:00,105.2,NY,iPhone,3,0,1,0,0,0.32,1263,1.24,6,0
acct_7,2026-01-01T18:32:00,72.18,NY,iPhone,3,0,0,0,0,0.3,1263,0.85,18,0
acct_7,2026-01-01T21:20:00,108.21,NY,iPhone,2,0,0,0,1,0.24,1263,1.27,21,0
acct_7,2026-01-02T00:12:00,83.1,NJ,iPhone,1,0,1,0,0,0.33,1263,0.98,0,0
acct_7,2026-01-02T09:58:00,116.64,NY,Windows,1,0,1,0,0,0.15,1263,1.37,9,0
acct_7,2026-01-01T19:04:00,83.96,NY,Windows,1,0,0,0,1,0.13,1263,0.99,19,0
acct_7,2026-01-01T23:24:00,126.54,NY,Windows,1,0,0,0,0,0.17,1263,1.49,23,0
acct_7,2026-01-02T03:50:00,77.27,NY,Windows,2,0,0,0,0,0.2,1263,0.91,3,0
acct_7,2026-01-02T04:04:00,80.75,FL,Windows,1,0,1,0,0,0.25,1263,0.95,4,0
acct_7,2026-01-02T02:51:00,60.43,TX,iPhone,1,0,1,0,1,0.08,1263,0.71,2,0
acct_7,2026-01-02T04:32:00,95.96,NY,iPhone,1,0,1,0,0,0.06,1263,1.13,4,0
acct_7,2026-01-02T03:17:00,1001.82,FL,UnknownDevice,7,0,1,1,5,0.88,1263,11.79,3,1
acct_7,2026-01-02T11:00:00,67.6,NY,iPhone,1,0,1,0,0,0.09,1263,0.8,11,0
acct_7,2026-01-01T23:10:00,77.8,NY,iPhone,1,0,0,0,0,0.22,1263,0.92,23,0
acct_7,2026-01-02T08:32:00,90.72,NY,iPhone,2,0,0,0,1,0.08,1263,1.07,8,0
acct_7,2026-01-02T11:54:00,77.78,NY,Windows,1,0,0,0,0,0.08,1263,0.92,11,0
acct_7,2026-01-02T12:12:00,48.69,NY,Windows,2,0,0,0,0,0.17,1263,0.57,12,0
acct_7,2026-01-02T14:05:00,76.66,NY,iPhone,2,0,0,0,0,0.15,1263,0.9,14,0
acct_7,2026-01-02T16:00:00,90.23,NY,iPhone,2,0,0,0,0,0.18,1263,1.06,16,0
acct_7,2026-01-01T20:56:00,95.58,NY,iPhone,2,0,0,0,1,0.26,1263,1.12,20,0
acct_7,2026-01-02T13:24:00,113.18,NY,iPhone,1,0,0,0,1,0.29,1263,1.33,13,0
acct_7,2026-01-01T22:51:00,87.51,NY,Windows,2,0,0,0,0,0.31,1263,1.03,22,0
acct_7,2026-01-02T02:20:00,73.18,NY,Windows,2,0,0,0,0,0.14,1263,0.86,2,0
acct_7,2026-01-02T09:15:00,98.28,NY,Windows,2,0,0,0,1,0.34,1263,1.16,9,0
acct_7,2026-01-02T09:30:00,108.04,NY,iPhone,2,0,0,0,1,0.07,1263,1.27,9,0
acct_7,2026-01-01T21:44:00,117.94,NY,iPhone,2,0,0,0,1,0.27,1263,1.39,21,0
acct_7,2026-01-02T13:28:00,75.61,NY,iPhone,1,0,0,0,1,0.2,1263,0.89,13,0
acct_7,2026-01-02T17:15:00,60.52,NY,iPhone,1,0,0,0,0,0.26,1263,0.71,17,0
acct_7,2026-01-02T12:16:00,112.65,NY,iPhone,2,0,0,0,1,0.32,1263,1.33,12,0
acct_7,2026-01-02T00:03:00,34.77,NY,iPhone,2,0,0,0,0,0.1,1263,0.41,0,0
acct_7,2026-01-02T18:12:00,91.93,NY,Windows,2,0,0,0,0,0.33,1263,1.08,18,0
acct_7,2026-01-02T18:31:00,78.78,NY,iPhone,1,0,0,0,1,0.3,1263,0.93,18,0
acct_7,2026-01-02T17:00:00,73.45,NY,Windows,1,0,0,0,0,0.13,1263,0.86,17,0
acct_7,2026-01-02T19:09:00,105.91,NY,Windows,2,0,0,0,1,0.08,1263,1.25,19,0
acct_7,2026-01-02T10:08:00,108.22,NY,Windows,1,0,0,0,0,0.16,1263,1.27,10,0
acct_7,2026-01-02T06:36:00,77.22,NY,Windows,2,0,0,0,0,0.15,1263,0.91,6,0
acct_7,2026-01-02T01:06:00,77.03,NY,iPhone,1,0,0,0,0,0.29,1263,0.91,1,0
acct_7,2026-01-02T22:20:00,126.7,NY,Windows,2,0,0,0,0,0.26,1263,1.49,22,0
acct_7,2026-01-02T13:00:00,101.51,NY,Windows,1,0,0,0,0,0.3,1263,1.19,13,0
acct_7,2026-01-01T23:36:00,72.17,NY,Windows,1,0,0,0,0,0.1,1263,0.85,23,0
acct_7,2026-01-02T07:36:00,75.64,NY,Windows,1,0,0,0,0,0.24,1263,0.89,7,0
acct_7,2026-01-02T09:47:00,89.58,NY,iPhone,1,0,0,0,0,0.12,1263,1.05,9,0
acct_7,2026-01-03T00:00:00,67.77,NY,iPhone,2,0,0,0,0,0.26,1263,0.8,0,0
acct_7,2026-01-02T12:14:00,64.87,NY,iPhone,2,0,0,0,0,0.09,1263,0.76,12,0
acct_7,2026-01-02T12:28:00,66.34,NY,iPhone,2,0,0,0,0,0.18,1263,0.78,12,0
acct_7,2026-01-03T01:00:00,123.42,NY,iPhone,2,0,0,0,0,0.17,1263,1.45,1,0
acct_7,2026-01-03T01:20:00,88.88,NY,Windows,2,0,0,0,0,0.34,1263,1.05,1,0
acct_7,2026-01-02T23:35:00,98.17,TX,iPhone,1,0,1,0,0,0.27,1263,1.15,23,0
acct_7,2026-01-02T11:18:00,87.25,NY,Windows,1,0,1,0,1,0.18,1263,1.03,11,0
acct_7,2026-01-02T07:17:00,107.62,NY,iPhone,1,0,0,0,0,0.32,1263,1.27,7,0
acct_7,2026-01-03T02:40:00,63.18,NY,Windows,1,0,0,0,0,0.17,1263,0.74,2,0
acct_7,2026-01-03T00:51:00,84.31,CA,Windows,1,0,1,0,0,0.2,1263,0.99,0,0
acct_7,2026-01-02T10:00:00,49.57,NY,Windows,1,0,1,0,0,0.12,1263,0.58,10,0
acct_7,2026-01-03T03:40:00,77.59,NY,Windows,2,0,0,0,0,0.13,1263,0.91,3,0
acct_7,2026-01-02T19:12:00,80.94,NY,Windows,2,0,0,0,1,0.14,1263,0.95,19,0
acct_7,2026-01-03T02:07:00,104.33,NY,Windows,2,0,0,0,0,0.14,1263,1.23,2,0
acct_7,2026-01-03T00:12:00,92.3,NY,iPhone,1,0,0,0,0,0.08,1263,1.09,0,0
acct_7,2026-01-02T20:00:00,50.64,NY,Windows,1,0,0,0,0,0.26,1263,0.6,20,0
acct_7,2026-01-02T15:44:00,91.63,TX,Windows,2,0,1,0,1,0.07,1263,1.08,15,0
acct_7,2026-01-03T01:06:00,57.08,NY,iPhone,1,0,1,0,0,0.23,1263,0.67,1,0
acct_7,2026-01-03T01:24:00,64.71,TX,iPhone,2,0,1,0,0,0.09,1263,0.76,1,0
acct_7,2026-01-02T07:10:00,61.6,FL,Windows,2,0,1,0,0,0.19,1263,0.72,7,0
acct_7,2026-01-02T02:40:00,83.88,NY,Windows,1,0,1,0,1,0.08,1263,0.99,2,0
acct_7,2026-01-02T14:33:00,79.52,NY,iPhone,1,0,0,0,0,0.35,1263,0.94,14,0
acct_7,2026-01-02T12:24:00,83.62,NY,iPhone,2,0,0,0,0,0.33,1263,0.98,12,0
acct_7,2026-01-02T12:36:00,96.35,NY,iPhone,1,0,0,0,0,0.09,1263,1.13,12,0
acct_7,2026-01-02T15:12:00,90.85,NY,iPhone,2,0,0,0,1,0.32,1263,1.07,15,0
acct_7,2026-01-03T08:20:00,56.09,NY,Windows,2,0,0,0,0,0.2,1263,0.66,8,0
acct_7,2026-01-02T20:30:00,87.31,NY,iPhone,1,0,0,0,0,0.29,1263,1.03,20,0
acct_7,2026-01-03T04:06:00,70.0,CA,Windows,1,0,1,0,1,0.27,1263,0.82,4,0
acct_7,2026-01-03T04:24:00,95.86,NY,iPhone,2,0,1,0,0,0.24,1263,1.13,4,0
acct_7,2026-01-02T06:21:00,95.44,NY,Windows,2,0,0,0,0,0.28,1263,1.12,6,0
acct_8,2026-01-01T08:00:00,171.22,NY,Windows,1,0,0,0,0,0.29,2441,1.43,8,0
acct_8,2026-01-01T08:11:00,147.52,NY,Windows,1,0,0,0,0,0.17,2441,1.23,8,0
acct_8,2026-01-01T08:16:00,50.18,NY,Windows,1,0,0,0,1,0.06,2441,0.42,8,0
acct_8,2026-01-01T08:48:00,110.5,NY,Windows,1,0,0,0,0,0.14,2441,0.92,8,0
acct_8,2026-01-01T08:40:00,119.55,NY,iPhone,1,0,0,0,0,0.07,2441,1.0,8,0
acct_8,2026-01-01T09:05:00,139.8,NY,Windows,1,0,0,0,0,0.09,2441,1.17,9,0
acct_8,2026-01-01T09:18:00,116.44,NY,Windows,2,0,0,0,0,0.28,2441,0.97,9,0
acct_8,2026-01-01T09:59:00,123.03,NY,Windows,1,0,0,0,0,0.07,2441,1.03,9,0
acct_8,2026-01-01T10:00:00,109.57,NY,Windows,1,0,0,0,0,0.13,2441,0.91,10,0
acct_8,2026-01-01T10:33:00,109.77,NY,Windows,1,0,0,0,0,0.22,2441,0.91,10,0
acct_8,2026-01-01T10:30:00,156.85,NY,Windows,1,0,0,0,0,0.21,2441,1.31,10,0
acct_8,2026-01-01T09:50:00,127.45,NY,iPhone,1,0,0,0,0,0.05,2441,1.06,9,0
acct_8,2026-01-01T11:00:00,160.53,NY,Windows,1,0,0,0,0,0.07,2441,1.34,11,0
acct_8,2026-01-01T11:15:00,116.67,NY,iPhone,1,0,0,0,0,0.23,2441,0.97,11,0
acct_8,2026-01-01T11:44:00,116.52,NY,Windows,1,0,0,0,0,0.08,2441,0.97,11,0
acct_8,2026-01-01T12:45:00,131.78,NY,iPhone,1,0,0,0,1,0.11,2441,1.1,12,0
acct_8,2026-01-01T12:16:00,145.33,NY,iPhone,1,0,0,0,0,0.34,2441,1.21,12,0
acct_8,2026-01-01T13:23:00,98.45,CA,Windows,1,0,1,0,1,0.34,2441,0.82,13,0
acct_8,2026-01-01T11:54:00,165.8,NY,Windows,1,0,1,0,1,0.05,2441,1.38,11,0
acct_8,2026-01-01T10:32:00,105.54,NJ,iPhone,1,0,1,0,1,0.21,2441,0.88,10,0
acct_8,2026-01-01T14:40:00,151.12,NY,iPhone,1,0,1,0,0,0.16,2441,1.26,14,0
acct_8,2026-01-01T12:54:00,133.21,NY,Windows,1,0,0,0,0,0.19,2441,1.11,12,0
acct_8,2026-01-01T12:02:00,100.04,NY,iPhone,1,0,0,0,0,0.11,2441,0.83,12,0
acct_8,2026-01-01T14:31:00,81.49,NY,iPhone,1,0,0,0,0,0.06,2441,0.68,14,0
acct_8,2026-01-01T14:00:00,158.79,NY,Windows,1,0,0,0,1,0.08,2441,1.32,14,0
acct_8,2026-01-01T13:00:00,88.23,NY,Windows,1,0,0,0,0,0.23,2441,0.74,13,0
acct_8,2026-01-01T16:14:00,141.35,NY,Windows,1,0,0,0,0,0.11,2441,1.18,16,0
acct_8,2026-01-01T16:06:00,198.54,NY,iPhone,1,0,0,0,1,0.05,2441,1.65,16,0
acct_8,2026-01-01T14:32:00,74.55,NY,iPhone,1,0,0,0,1,0.3,2441,0.62,14,0
acct_8,2026-01-01T14:46:00,113.18,NY,iPhone,1,0,0,0,0,0.32,2441,0.94,14,0
acct_8,2026-01-01T13:30:00,184.26,NY,iPhone,1,0,0,0,0,0.17,2441,1.54,13,0
acct_8,2026-01-01T14:43:00,154.02,NY,Windows,1,0,0,0,1,0.34,2441,1.28,14,0
acct_8,2026-01-01T13:52:00,128.78,NY,Windows,1,0,0,0,0,0.19,2441,1.07,13,0
acct_8,2026-01-01T19:00:00,172.98,CA,Windows,1,0,1,0,0,0.19,2441,1.44,19,0
acct_8,2026-01-01T15:22:00,147.6,NY,Windows,1,0,1,0,0,0.28,2441,1.23,15,0
acct_8,2026-01-01T17:55:00,107.54,NY,Windows,1,0,0,0,0,0.34,2441,0.9,17,0
acct_8,2026-01-01T12:48:00,74.76,NY,Windows,1,0,0,0,0,0.33,2441,0.62,12,0
acct_8,2026-01-01T17:15:00,158.79,NY,Windows,1,0,0,0,0,0.22,2441,1.32,17,0
acct_8,2026-01-01T15:36:00,137.86,NY,iPhone,1,0,0,0,0,0.31,2441,1.15,15,0
acct_8,2026-01-01T21:00:00,117.65,NY,iPhone,1,0,0,0,0,0.15,2441,0.98,21,0
acct_8,2026-01-01T20:00:00,126.78,NY,Windows,1,0,0,0,0,0.08,2441,1.06,20,0
acct_8,2026-01-01T19:37:00,110.81,NY,Windows,1,0,0,0,0,0.16,2441,0.92,19,0
acct_8,2026-01-01T18:30:00,114.83,NY,Windows,1,0,0,0,0,0.09,2441,0.96,18,0
acct_8,2026-01-01T20:11:00,50.05,NY,iPhone,1,0,0,0,0,0.09,2441,0.42,20,0
acct_8,2026-01-01T16:48:00,100.18,FL,Windows,1,0,1,0,0,0.12,2441,0.83,16,0
acct_8,2026-01-01T20:00:00,139.83,NY,Windows,1,0,1,0,0,0.29,2441,1.17,20,0
acct_8,2026-01-01T17:58:00,132.68,NY,iPhone,1,0,0,0,0,0.31,2441,1.11,17,0
acct_8,2026-01-01T21:19:00,160.4,NY,Windows,1,0,0,0,0,0.19,2441,1.34,21,0
acct_8,2026-01-02T00:00:00,149.71,NJ,Windows,1,0,1,0,0,0.19,2441,1.25,0,0
acct_8,2026-01-01T16:59:00,123.37,CA,iPhone,1,0,1,0,0,0.17,2441,1.03,16,0
acct_8,2026-01-01T14:40:00,112.36,NY,Windows,1,0,1,0,0,0.14,2441,0.94,14,0
acct_8,2026-01-01T17:21:00,75.05,NY,Windows,1,0,0,0,0,0.11,2441,0.63,17,0
acct_8,2026-01-01T16:40:00,124.53,NY,Windows,1,0,0,0,0,0.11,2441,1.04,16,0
acct_8,2026-01-01T16:50:00,156.33,NY,Windows,1,0,0,0,1,0.25,2441,1.3,16,0
acct_8,2026-01-01T16:06:00,109.13,NY,iPhone,1,0,0,0,0,0.25,2441,0.91,16,0
acct_8,2026-01-01T22:40:00,223.47,NJ,Windows,1,0,1,0,0,0.09,2441,1.86,22,0
acct_8,2026-01-01T17:20:00,125.45,NY,iPhone,1,0,1,0,0,0.23,2441,1.05,17,0
acct_8,2026-01-02T01:06:00,120.32,NY,Windows,1,0,0,0,0,0.29,2441,1.0,1,0
acct_8,2026-01-01T20:34:00,120.75,NY,Windows,1,0,0,0,1,0.11,2441,1.01,20,0
acct_8,2026-01-01T16:51:00,131.47,NY,Windows,1,0,0,0,1,0.28,2441,1.1,16,0
acct_8,2026-01-02T02:00:00,120.21,NY,Windows,1,0,0,0,0,0.26,2441,1.0,2,0
acct_8,2026-01-02T00:16:00,103.75,NY,iPhone,1,0,0,0,1,0.24,2441,0.86,0,0
acct_8,2026-01-02T04:40:00,112.92,NY,Windows,1,0,0,0,1,0.31,2441,0.94,4,0
acct_8,2026-01-01T22:42:00,126.19,NY,Windows,1,0,0,0,0,0.13,2441,1.05,22,0
acct_8,2026-01-01T17:36:00,128.35,NY,iPhone,1,0,0,0,0,0.23,2441,1.07,17,0
acct_8,2026-01-02T00:15:00,92.91,NY,iPhone,1,0,0,0,1,0.16,2441,0.77,0,0
acct_8,2026-01-02T00:30:00,107.96,NY,Windows,1,0,0,0,0,0.24,2441,0.9,0,0
acct_8,2026-01-01T22:31:00,140.41,NY,Windows,1,0,0,0,0,0.33,2441,1.17,22,0
acct_8,2026-01-01T18:12:00,140.84,NY,iPhone,1,0,0,0,0,0.25,2441,1.17,18,0
acct_8,2026-01-01T21:48:00,102.06,NY,iPhone,1,0,0,0,0,0.26,2441,0.85,21,0
acct_8,2026-01-01T19:40:00,170.12,NY,iPhone,1,0,0,0,0,0.28,2441,1.42,19,0
acct_8,2026-01-01T22:12:00,143.02,NY,iPhone,1,0,0,0,0,0.19,2441,1.19,22,0
acct_8,2026-01-02T03:12:00,193.63,NY,Windows,1,0,0,0,0,0.27,2441,1.61,3,0
acct_8,2026-01-01T21:23:00,84.33,NY,iPhone,1,0,0,0,1,0.15,2441,0.7,21,0
acct_8,2026-01-01T19:06:00,112.53,NY,iPhone,1,0,0,0,0,0.18,2441,0.94,19,0
acct_8,2026-01-02T04:00:00,136.12,NY,iPhone,1,0,0,0,0,0.2,2441,1.13,4,0
acct_8,2026-01-02T06:48:00,133.81,NY,iPhone,1,0,0,0,0,0.15,2441,1.12,6,0
acct_8,2026-01-01T18:16:00,113.01,NY,iPhone,1,0,0,0,1,0.34,2441,0.94,18,0
acct_8,2026-01-01T22:18:00,130.32,NY,iPhone,1,0,0,0,0,0.15,2441,1.09,22,0
acct_8,2026-01-02T03:45:00,103.58,NY,Windows,1,0,0,0,0,0.3,2441,0.86,3,0
acct_8,2026-01-02T06:40:00,100.76,NY,iPhone,1,0,0,0,0,0.11,2441,0.84,6,0
acct_8,2026-01-02T00:12:00,113.85,NY,Windows,1,0,0,0,0,0.15,2441,0.95,0,0
acct_8,2026-01-02T03:08:00,49.75,NY,iPhone,1,0,0,0,1,0.27,2441,0.41,3,0
acct_8,2026-01-02T03:22:00,177.74,NY,Windows,1,0,0,0,0,0.18,2441,1.48,3,0
acct_8,2026-01-02T10:36:00,111.0,NY,iPhone,1,0,0,0,0,0.2,2441,0.93,10,0
acct_8,2026-01-02T09:30:00,100.53,TX,Windows,1,0,1,0,1,0.23,2441,0.84,9,0
acct_8,2026-01-01T23:46:00,54.99,NY,iPhone,1,0,1,0,1,0.22,2441,0.46,23,0
acct_8,2026-01-02T11:33:00,156.36,CA,iPhone,1,0,1,0,1,0.23,2441,1.3,11,0
acct_8,2026-01-02T13:20:00,138.24,NY,iPhone,1,0,1,0,1,0.17,2441,1.15,13,0
acct_8,2026-01-02T10:42:00,135.8,NY,Windows,1,0,0,0,0,0.32,2441,1.13,10,0
acct_8,2026-01-01T23:00:00,113.72,NY,Windows,1,0,0,0,0,0.32,2441,0.95,23,0
acct_8,2026-01-02T05:14:00,158.02,NY,Windows,1,0,0,0,0,0.17,2441,1.32,5,0
acct_8,2026-01-01T23:20:00,119.38,NY,Windows,1,0,0,0,1,0.16,2441,0.99,23,0
acct_8,2026-01-02T13:27:00,104.09,NY,iPhone,1,0,0,0,0,0.26,2441,0.87,13,0
acct_8,2026-01-01T23:40:00,96.78,NY,Windows,1,0,0,0,0,0.21,2441,0.81,23,0
acct_8,2026-01-02T01:25:00,112.7,NY,iPhone,1,0,0,0,0,0.1,2441,0.94,1,0
acct_8,2026-01-01T20:48:00,105.34,NY,iPhone,1,0,0,0,0,0.07,2441,0.88,20,0
acct_8,2026-01-02T16:20:00,143.91,NY,Windows,1,0,0,0,0,0.26,2441,1.2,16,0
acct_8,2026-01-02T13:24:00,88.26,NY,Windows,1,0,0,0,1,0.26,2441,0.74,13,0
acct_8,2026-01-02T08:45:00,122.75,NY,Windows,1,0,0,0,0,0.16,2441,1.02,8,0
acct_8,2026-01-02T02:20:00,121.67,NY,Windows,1,0,0,0,0,0.3,2441,1.01,2,0
acct_8,2026-01-02T14:18:00,109.67,NJ,Windows,1,0,1,0,0,0.06,2441,0.91,14,0
acct_8,2026-01-02T11:12:00,140.82,NY,Windows,1,0,1,0,0,0.33,2441,1.17,11,0
acct_8,2026-01-02T08:02:00,134.12,NY,iPhone,1,0,0,0,0,0.1,2441,1.12,8,0
acct_8,2026-01-02T08:16:00,117.36,NY,Windows,1,0,0,0,0,0.25,2441,0.98,8,0
acct_8,2026-01-02T05:00:00,103.07,NY,Windows,1,0,0,0,1,0.14,2441,0.86,5,0
acct_8,2026-01-02T14:02:00,28.48,NY,Windows,1,0,0,0,0,0.34,2441,0.24,14,0
acct_8,2026-01-02T14:19:00,100.92,NY,Windows,1,0,0,0,0,0.1,2441,0.84,14,0
acct_8,2026-01-02T20:00:00,139.57,NY,iPhone,1,0,0,0,0,0.15,2441,1.16,20,0
acct_8,2026-01-02T14:53:00,147.88,NY,Windows,1,0,0,0,0,0.12,2441,1.23,14,0
acct_8,2026-01-02T15:10:00,120.87,NY,iPhone,1,0,0,0,0,0.24,2441,1.01,15,0
acct_8,2026-01-01T22:48:00,142.89,NY,iPhone,1,0,0,0,0,0.24,2441,1.19,22,0
acct_8,2026-01-02T04:32:00,155.9,NJ,iPhone,1,0,1,0,0,0.13,2441,1.3,4,0
acct_8,2026-01-02T17:54:00,121.96,NY,iPhone,1,0,1,0,0,0.28,2441,1.02,17,0
acct_8,2026-01-02T04:54:00,135.4,NY,Windows,1,0,0,0,0,0.29,2441,1.13,4,0
acct_8,2026-01-02T20:25:00,112.18,NY,iPhone,1,0,0,0,0,0.18,2441,0.93,20,0
acct_8,2026-01-01T23:28:00,152.06,NY,Windows,1,0,0,0,0,0.09,2441,1.27,23,0
acct_8,2026-01-02T03:30:00,72.73,CT,Windows,1,0,1,0,1,0.27,2441,0.61,3,0
acct_8,2026-01-02T07:36:00,130.22,NY,Windows,1,0,1,0,0,0.14,2441,1.09,7,0
acct_8,2026-01-02T13:45:00,139.71,NY,iPhone,1,0,0,0,0,0.34,2441,1.16,13,0
acct_8,2026-01-02T10:00:00,105.41,NY,iPhone,1,0,0,0,0,0.3,2441,0.88,10,0
acct_8,2026-01-03T00:20:00,69.5,NY,Windows,1,0,0,0,0,0.23,2441,0.58,0,0
acct_8,2026-01-02T04:20:00,102.37,NY,iPhone,1,0,0,0,1,0.13,2441,0.85,4,0
acct_8,2026-01-02T16:48:00,110.89,NY,iPhone,1,0,0,0,0,0.1,2441,0.92,16,0
acct_8,2026-01-02T06:44:00,179.65,NY,iPhone,1,0,0,0,1,0.17,2441,1.5,6,0
acct_8,2026-01-02T13:10:00,194.09,NY,iPhone,1,0,0,0,0,0.24,2441,1.62,13,0
acct_8,2026-01-02T19:42:00,176.25,NY,iPhone,1,0,0,0,0,0.11,2441,1.47,19,0
acct_8,2026-01-02T13:38:00,169.67,NY,iPhone,1,0,0,0,1,0.24,2441,1.41,13,0
acct_8,2026-01-02T11:44:00,1148.6,FL,NewPhone,11,0,1,1,3,0.81,2441,9.57,11,1
acct_8,2026-01-02T01:12:00,145.02,NY,Windows,1,0,1,0,0,0.13,2441,1.21,1,0
acct_8,2026-01-02T16:30:00,135.91,NY,Windows,1,0,0,0,0,0.09,2441,1.13,16,0
acct_8,2026-01-02T03:39:00,78.79,NY,Windows,1,0,0,0,0,0.31,2441,0.66,3,0
acct_8,2026-01-02T06:00:00,131.0,NY,iPhone,1,0,0,0,0,0.27,2441,1.09,6,0
acct_8,2026-01-03T04:20:00,154.51,NY,iPhone,1,0,0,0,0,0.13,2441,1.29,4,0
acct_8,2026-01-02T08:34:00,147.35,NY,Windows,1,0,0,0,1,0.05,2441,1.23,8,0
acct_8,2026-01-02T04:15:00,124.64,NY,iPhone,1,0,0,0,1,0.1,2441,1.04,4,0
acct_8,2026-01-02T13:28:00,126.27,NY,Windows,1,0,0,0,1,0.22,2441,1.05,13,0
acct_8,2026-01-02T09:07:00,124.12,NY,Windows,1,0,0,0,0,0.34,2441,1.03,9,0
acct_8,2026-01-02T16:12:00,58.25,NY,Windows,1,0,0,0,0,0.14,2441,0.49,16,0
acct_8,2026-01-02T16:26:00,127.75,NY,Windows,1,0,0,0,1,0.2,2441,1.06,16,0
acct_8,2026-01-03T06:40:00,128.58,NY,Windows,1,0,0,0,0,0.08,2441,1.07,6,0
acct_8,2026-01-02T21:36:00,127.56,NY,iPhone,1,0,0,0,1,0.19,2441,1.06,21,0
acct_8,2026-01-02T14:46:00,98.46,NY,iPhone,1,0,0,0,0,0.3,2441,0.82,14,0
acct_8,2026-01-02T14:59:00,105.12,NY,iPhone,1,0,0,0,0,0.29,2441,0.88,14,0
acct_8,2026-01-02T03:12:00,75.25,NY,Windows,1,0,0,0,0,0.23,2441,0.63,3,0
acct_8,2026-01-02T22:40:00,111.44,NY,iPhone,1,0,0,0,1,0.24,2441,0.93,22,0
acct_8,2026-01-03T03:48:00,144.68,NY,Windows,1,0,0,0,0,0.05,2441,1.21,3,0
acct_8,2026-01-02T15:51:00,175.52,NY,iPhone,1,0,0,0,0,0.23,2441,1.46,15,0
acct_8,2026-01-02T18:32:00,116.39,NY,iPhone,1,0,0,0,0,0.27,2441,0.97,18,0
acct_8,2026-01-02T13:48:00,83.0,NY,Windows,1,0,0,0,0,0.2,2441,0.69,13,0
acct_9,2026-01-01T08:00:00,154.26,CA,MacBook,2,0,0,0,0,0.32,464,0.88,8,0
acct_9,2026-01-01T08:09:00,120.77,CA,Tablet,2,0,0,0,0,0.08,464,0.69,8,0
acct_9,2026-01-01T08:38:00,273.94,CA,MacBook,2,0,0,0,0,0.12,464,1.57,8,0
acct_9,2026-01-01T08:36:00,120.75,CA,Tablet,1,0,0,0,1,0.08,464,0.69,8,0
acct_9,2026-01-01T09:16:00,159.52,CA,Tablet,2,0,0,0,0,0.16,464,0.91,9,0
acct_9,2026-01-01T09:35:00,171.89,CA,MacBook,1,0,0,0,0,0.12,464,0.98,9,0
acct_9,2026-01-01T08:54:00,169.59,CA,Tablet,2,0,0,0,0,0.22,464,0.97,8,0
acct_9,2026-01-01T09:10:00,240.66,CA,Tablet,1,0,0,0,0,0.07,464,1.38,9,0
acct_9,2026-01-01T10:08:00,191.0,CA,MacBook,2,0,0,0,0,0.21,464,1.09,10,0
acct_9,2026-01-01T10:33:00,157.52,CA,MacBook,1,0,0,0,0,0.09,464,0.9,10,0
acct_9,2026-01-01T10:00:00,201.83,CA,MacBook,1,0,0,0,0,0.27,464,1.15,10,0
acct_9,2026-01-01T11:40:00,180.43,CA,Tablet,1,0,0,0,0,0.35,464,1.03,11,0
acct_9,2026-01-01T11:48:00,119.77,CA,MacBook,1,0,0,0,1,0.07,464,0.68,11,0
acct_9,2026-01-01T12:20:00,134.05,CA,Tablet,2,0,0,0,0,0.33,464,0.77,12,0
acct_9,2026-01-01T12:40:00,196.82,CA,Tablet,2,0,0,0,0,0.21,464,1.12,12,0
acct_9,2026-01-01T11:15:00,131.22,CA,MacBook,2,0,0,0,1,0.07,464,0.75,11,0
acct_9,2026-01-01T13:04:00,161.08,CA,MacBook,2,0,0,0,0,0.09,464,0.92,13,0
acct_9,2026-01-01T13:40:00,197.49,CA,MacBook,1,0,0,0,1,0.25,464,1.13,13,0
acct_9,2026-01-01T13:06:00,218.83,CA,Tablet,2,0,0,0,0,0.12,464,1.25,13,0
acct_9,2026-01-01T14:01:00,196.26,CA,Tablet,2,0,0,0,0,0.16,464,1.12,14,0
acct_9,2026-01-01T12:40:00,163.61,CA,MacBook,1,0,0,0,1,0.1,464,0.93,12,0
acct_9,2026-01-01T10:48:00,213.99,CA,MacBook,2,0,0,0,0,0.24,464,1.22,10,0
acct_9,2026-01-01T13:08:00,175.69,CA,MacBook,2,0,0,0,0,0.25,464,1.0,13,0
acct_9,2026-01-01T13:22:00,196.76,CA,Tablet,1,0,0,0,1,0.31,464,1.12,13,0
acct_9,2026-01-01T15:12:00,129.33,CA,Tablet,2,0,0,0,0,0.08,464,0.74,15,0
acct_9,2026-01-01T11:45:00,110.11,CA,Tablet,2,0,0,0,1,0.13,464,0.63,11,0
acct_9,2026-01-01T16:14:00,223.6,CA,MacBook,2,0,0,0,0,0.22,464,1.28,16,0
acct_9,2026-01-01T12:03:00,143.49,CA,Tablet,2,0,0,0,1,0.29,464,0.82,12,0
acct_9,2026-01-01T11:44:00,111.62,CA,MacBook,2,0,0,0,0,0.21,464,0.64,11,0
acct_9,2026-01-01T16:13:00,96.55,CA,Tablet,1,0,0,0,0,0.1,464,0.55,16,0
acct_9,2026-01-01T16:30:00,173.47,CA,MacBook,1,0,0,0,0,0.06,464,0.99,16,0
acct_9,2026-01-01T16:47:00,182.04,CA,Tablet,2,0,0,0,0,0.34,464,1.04,16,0
acct_9,2026-01-01T16:32:00,140.77,CA,Tablet,3,0,0,0,0,0.14,464,0.8,16,0
acct_9,2026-01-01T16:48:00,205.11,CA,Tablet,1,0,0,0,1,0.26,464,1.17,16,0
acct_9,2026-01-01T17:04:00,300.59,CA,Tablet,1,0,0,0,0,0.25,464,1.72,17,0
acct_9,2026-01-01T12:40:00,177.29,CA,Tablet,2,0,0,0,0,0.23,464,1.01,12,0
acct_9,2026-01-01T14:36:00,145.44,CA,MacBook,1,0,0,0,0,0.21,464,0.83,14,0
acct_9,2026-01-01T15:24:00,105.29,CA,Tablet,2,0,0,0,0,0.25,464,0.6,15,0
acct_9,2026-01-01T20:02:00,193.36,CA,MacBook,2,0,0,0,0,0.26,464,1.1,20,0
acct_9,2026-01-01T19:03:00,130.4,CA,MacBook,1,0,0,0,0,0.14,464,0.75,19,0
acct_9,2026-01-01T21:20:00,165.83,CA,Tablet,2,0,0,0,0,0.09,464,0.95,21,0
acct_9,2026-01-01T14:09:00,156.98,CA,Tablet,1,0,0,0,0,0.32,464,0.9,14,0
acct_9,2026-01-01T22:00:00,162.16,CA,Tablet,2,0,0,0,0,0.16,464,0.93,22,0
acct_9,2026-01-01T15:53:00,160.1,CT,MacBook,2,0,1,0,1,0.08,464,0.91,15,0
acct_9,2026-01-01T17:32:00,148.16,CA,Tablet,1,0,1,0,0,0.1,464,0.85,17,0
acct_9,2026-01-01T23:00:00,144.05,CA,MacBook,2,0,0,0,1,0.23,464,0.82,23,0
acct_9,2026-01-01T17:12:00,227.43,CA,Tablet,2,0,0,0,0,0.16,464,1.3,17,0
acct_9,2026-01-01T22:53:00,164.33,CA,MacBook,3,0,0,0,0,0.25,464,0.94,22,0
acct_9,2026-01-01T19:12:00,167.54,TX,MacBook,1,0,1,0,0,0.34,464,0.96,19,0
acct_9,2026-01-01T21:04:00,259.34,CA,MacBook,1,0,1,0,0,0.33,464,1.48,21,0
acct_9,2026-01-01T19:40:00,185.9,CA,Tablet,1,0,0,0,0,0.33,464,1.06,19,0
acct_9,2026-01-01T16:30:00,158.63,CA,MacBook,1,0,0,0,0,0.34,464,0.91,16,0
acct_9,2026-01-01T20:08:00,130.05,CA,MacBook,1,0,0,0,0,0.17,464,0.74,20,0
acct_9,2026-01-01T23:01:00,205.3,CA,MacBook,2,0,0,0,0,0.12,464,1.17,23,0
acct_9,2026-01-02T01:06:00,122.87,FL,Tablet,1,0,1,0,1,0.34,464,0.7,1,0
acct_9,2026-01-02T00:30:00,242.28,CT,Tablet,1,0,1,0,0,0.3,464,1.38,0,0
acct_9,2026-01-01T22:56:00,166.45,CA,Tablet,2,0,1,0,0,0.34,464,0.95,22,0
acct_9,2026-01-01T20:21:00,203.45,CA,Tablet,1,0,0,0,0,0.14,464,1.16,20,0
acct_9,2026-01-01T19:36:00,174.73,CA,MacBook,2,0,0,0,0,0.33,464,1.0,19,0
acct_9,2026-01-02T01:42:00,82.86,FL,MacBook,1,0,1,0,0,0.16,464,0.47,1,0
acct_9,2026-01-02T01:00:00,139.31,CA,MacBook,2,0,1,0,0,0.17,464,0.8,1,0
acct_9,2026-01-01T16:08:00,215.94,CA,Tablet,2,0,0,0,1,0.09,464,1.23,16,0
acct_9,2026-01-01T23:30:00,249.88,CA,MacBook,2,0,0,0,1,0.16,464,1.43,23,0
acct_9,2026-01-01T21:39:00,150.02,CA,Tablet,2,0,0,0,1,0.25,464,0.86,21,0
acct_9,2026-01-02T00:00:00,196.51,CA,MacBook,2,0,0,0,0,0.08,464,1.12,0,0
acct_9,2026-01-01T21:00:00,217.43,CA,Tablet,2,0,0,0,0,0.25,464,1.24,21,0
acct_9,2026-01-02T00:30:00,295.85,CA,MacBook,1,0,0,0,1,0.29,464,1.69,0,0
acct_9,2026-01-02T05:13:00,225.8,CA,MacBook,2,0,0,0,1,0.09,464,1.29,5,0
acct_9,2026-01-01T18:12:00,181.02,CA,Tablet,1,0,0,0,0,0.07,464,1.03,18,0
acct_9,2026-01-01T22:57:00,121.68,CA,MacBook,2,0,0,0,0,0.13,464,0.7,22,0
acct_9,2026-01-01T18:30:00,177.26,CA,Tablet,1,0,0,0,0,0.13,464,1.01,18,0
acct_9,2026-01-01T18:39:00,267.39,CA,MacBook,1,0,0,0,0,0.19,464,1.53,18,0
acct_9,2026-01-02T08:00:00,200.01,CA,Tablet,1,0,0,0,0,0.35,464,1.14,8,0
acct_9,2026-01-02T04:41:00,157.88,CA,MacBook,1,0,0,0,0,0.13,464,0.9,4,0
acct_9,2026-01-01T21:34:00,216.62,CA,Tablet,1,0,0,0,0,0.16,464,1.24,21,0
acct_9,2026-01-02T04:00:00,153.48,CA,MacBook,2,0,0,0,1,0.19,464,0.88,4,0
acct_9,2026-01-02T04:16:00,162.22,CA,MacBook,2,0,0,0,0,0.33,464,0.93,4,0
acct_9,2026-01-02T08:23:00,141.57,CA,Tablet,2,0,0,0,0,0.07,464,0.81,8,0
acct_9,2026-01-02T08:42:00,159.4,CA,Tablet,2,0,0,0,1,0.11,464,0.91,8,0
acct_9,2026-01-02T03:45:00,150.6,CA,Tablet,2,0,0,0,0,0.15,464,0.86,3,0
acct_9,2026-01-02T09:20:00,201.56,CA,MacBook,1,0,0,0,0,0.25,464,1.15,9,0
acct_9,2026-01-01T22:51:00,158.87,CA,Tablet,1,0,0,0,0,0.23,464,0.91,22,0
acct_9,2026-01-02T08:36:00,186.77,CA,Tablet,1,0,0,0,0,0.33,464,1.07,8,0
acct_9,2026-01-02T07:31:00,136.24,CT,Tablet,2,0,1,0,0,0.09,464,0.78,7,0
acct_9,2026-01-02T03:36:00,143.29,CA,MacBook,1,0,1,0,0,0.18,464,0.82,3,0
acct_9,2026-01-02T10:55:00,209.65,CA,Tablet,2,0,0,0,0,0.23,464,1.2,10,0
acct_9,2026-01-02T11:14:00,210.43,NY,Tablet,1,0,1,0,1,0.2,464,1.2,11,0
acct_9,2026-01-02T07:12:00,255.04,CA,MacBook,1,0,1,0,1,0.17,464,1.46,7,0
acct_9,2026-01-02T01:36:00,175.99,CA,Tablet,2,0,0,0,1,0.2,464,1.01,1,0
acct_9,2026-01-02T12:11:00,138.26,CA,MacBook,1,0,0,0,0,0.1,464,0.79,12,0
acct_9,2026-01-01T20:00:00,139.46,CA,MacBook,1,0,0,0,0,0.13,464,0.8,20,0
acct_9,2026-01-02T14:20:00,291.04,CT,Tablet,2,0,1,0,0,0.24,464,1.66,14,0
acct_9,2026-01-02T11:36:00,141.85,CA,MacBook,1,0,1,0,0,0.17,464,0.81,11,0
acct_9,2026-01-02T10:21:00,139.63,CA,Tablet,3,0,0,0,0,0.12,464,0.8,10,0
acct_9,2026-01-02T02:48:00,226.87,CA,Tablet,3,0,0,0,1,0.33,464,1.3,2,0
acct_9,2026-01-02T03:00:00,217.49,CA,MacBook,1,0,0,0,0,0.15,464,1.24,3,0
acct_9,2026-01-02T01:36:00,105.78,CA,Tablet,1,0,0,0,1,0.12,464,0.6,1,0
acct_9,2026-01-02T14:43:00,152.32,CA,MacBook,2,0,0,0,0,0.19,464,0.87,14,0
acct_9,2026-01-02T00:20:00,194.04,CA,MacBook,2,0,0,0,0,0.14,464,1.11,0,0
acct_9,2026-01-02T00:30:00,202.45,CA,Tablet,1,0,0,0,0,0.18,464,1.16,0,0
acct_9,2026-01-02T09:00:00,272.66,CA,Tablet,1,0,0,0,0,0.23,464,1.56,9,0
acct_9,2026-01-02T07:34:00,159.24,CA,Tablet,2,0,0,0,0,0.12,464,0.91,7,0
acct_9,2026-01-01T23:18:00,163.56,CA,Tablet,3,0,0,0,0,0.21,464,0.93,23,0
acct_9,2026-01-02T06:19:00,186.09,CA,MacBook,1,0,0,0,0,0.14,464,1.06,6,0
acct_9,2026-01-02T10:00:00,183.38,CA,Tablet,2,0,0,0,0,0.3,464,1.05,10,0
acct_9,2026-01-01T23:45:00,155.44,TX,Tablet,1,0,1,0,0,0.32,464,0.89,23,0
acct_9,2026-01-01T22:08:00,181.3,CA,MacBook,2,0,1,0,0,0.33,464,1.04,22,0
acct_9,2026-01-02T16:06:00,106.95,CA,Tablet,2,0,0,0,1,0.1,464,0.61,16,0
acct_9,2026-01-02T00:12:00,192.46,CA,Tablet,3,0,0,0,0,0.09,464,1.1,0,0
acct_9,2026-01-02T00:21:00,222.22,CA,MacBook,1,0,0,0,0,0.25,464,1.27,0,0
acct_9,2026-01-02T02:20:00,227.21,CA,MacBook,1,0,0,0,0,0.31,464,1.3,2,0
acct_9,2026-01-02T06:12:00,230.7,NJ,Tablet,1,0,1,0,0,0.31,464,1.32,6,0
acct_9,2026-01-02T02:40:00,179.28,CA,MacBook,1,0,1,0,1,0.29,464,1.02,2,0
acct_9,2026-01-02T00:57:00,77.17,CA,Tablet,1,0,0,0,0,0.35,464,0.44,0,0
acct_9,2026-01-02T03:00:00,179.49,CA,MacBook,1,0,0,0,1,0.23,464,1.03,3,0
acct_9,2026-01-02T18:30:00,135.57,CA,Tablet,2,0,0,0,1,0.18,464,0.77,18,0
acct_9,2026-01-02T13:00:00,125.54,CA,Tablet,1,0,0,0,1,0.08,464,0.72,13,0
acct_9,2026-01-02T21:03:00,124.33,CA,Tablet,2,0,0,0,0,0.12,464,0.71,21,0
acct_9,2026-01-01T23:44:00,199.68,CA,MacBook,2,0,0,0,0,0.33,464,1.14,23,0
acct_9,2026-01-01T23:52:00,210.14,CA,Tablet,1,0,0,0,0,0.19,464,1.2,23,0
acct_9,2026-01-02T16:00:00,270.16,CA,Tablet,1,0,0,0,0,0.27,464,1.54,16,0
acct_9,2026-01-02T02:09:00,241.33,CA,Tablet,1,0,0,0,1,0.16,464,1.38,2,0
acct_9,2026-01-02T22:38:00,220.41,CA,Tablet,2,0,0,0,0,0.09,464,1.26,22,0
acct_9,2026-01-02T04:30:00,190.41,CA,MacBook,2,0,0,0,0,0.28,464,1.09,4,0
acct_9,2026-01-02T15:00:00,172.06,CA,MacBook,1,0,0,0,1,0.17,464,0.98,15,0
acct_9,2026-01-02T11:05:00,115.91,CA,Tablet,2,0,0,0,0,0.07,464,0.66,11,0
acct_9,2026-01-02T21:48:00,246.49,CA,Tablet,2,0,0,0,1,0.3,464,1.41,21,0
acct_9,2026-01-02T22:06:00,220.63,CA,MacBook,1,0,0,0,0,0.26,464,1.26,22,0
acct_9,2026-01-02T13:52:00,206.66,CA,MacBook,1,0,0,0,0,0.27,464,1.18,13,0
acct_9,2026-01-02T14:06:00,152.46,CA,Tablet,1,0,0,0,1,0.19,464,0.87,14,0
acct_9,2026-01-02T23:00:00,123.49,CA,MacBook,1,0,0,0,1,0.11,464,0.71,23,0
acct_9,2026-01-02T03:39:00,207.91,CA,MacBook,2,0,0,0,0,0.12,464,1.19,3,0
acct_9,2026-01-02T06:00:00,159.46,CA,MacBook,1,0,0,0,0,0.22,464,0.91,6,0
acct_9,2026-01-02T23:54:00,204.28,CA,Tablet,1,0,0,0,1,0.06,464,1.17,23,0
acct_9,2026-01-02T13:02:00,206.32,CA,MacBook,2,0,0,0,0,0.14,464,1.18,13,0
acct_9,2026-01-02T15:30:00,157.03,CA,Tablet,1,0,0,0,0,0.17,464,0.9,15,0
acct_9,2026-01-03T03:04:00,123.34,CA,Tablet,1,0,0,0,1,0.19,464,0.7,3,0
acct_9,2026-01-02T02:16:00,168.74,CA,Tablet,2,0,0,0,0,0.32,464,0.96,2,0
acct_9,2026-01-03T06:00:00,164.94,CA,MacBook,1,0,0,0,1,0.29,464,0.94,6,0
acct_9,2026-01-02T14:07:00,159.48,NY,MacBook,2,0,1,0,0,0.11,464,0.91,14,0
acct_9,2026-01-02T23:40:00,88.75,CA,MacBook,1,0,1,0,0,0.29,464,0.51,23,0
acct_9,2026-01-02T07:30:00,178.85,CA,Tablet,1,0,0,0,1,0.08,464,1.02,7,0
acct_9,2026-01-02T14:46:00,192.7,CA,MacBook,2,0,0,0,0,0.08,464,1.1,14,0
acct_9,2026-01-02T07:50:00,163.1,CA,MacBook,1,0,0,0,0,0.33,464,0.93,7,0
acct_9,2026-01-03T00:48:00,133.53,CA,MacBook,2,0,0,0,0,0.18,464,0.76,0,0
acct_9,2026-01-02T22:40:00,235.52,CA,MacBook,1,0,0,0,1,0.13,464,1.35,22,0
acct_9,2026-01-03T03:48:00,291.17,CA,Tablet,2,0,0,0,0,0.1,464,1.66,3,0
acct_9,2026-01-02T06:03:00,168.51,CA,Tablet,2,0,0,0,0,0.17,464,0.96,6,0
acct_9,2026-01-02T21:00:00,155.28,CA,MacBook,1,0,0,0,0,0.08,464,0.89,21,0
acct_9,2026-01-03T07:11:00,261.11,CA,MacBook,2,0,0,0,0,0.17,464,1.49,7,0
acct_10,2026-01-01T08:00:00,26.22,NY,MacBook,3,0,0,0,0,0.13,593,0.66,8,0
acct_10,2026-01-01T08:08:00,16.61,NY,Android,1,0,0,0,0,0.22,593,0.42,8,0
acct_10,2026-01-01T08:34:00,40.54,NY,MacBook,1,0,0,0,1,0.11,593,1.01,8,0
acct_10,2026-01-01T08:33:00,56.68,NY,MacBook,1,0,0,0,0,0.24,593,1.42,8,0
acct_10,2026-01-01T08:36:00,45.03,NY,MacBook,2,0,0,0,1,0.21,593,1.13,8,0
acct_10,2026-01-01T09:30:00,44.99,NY,MacBook,1,0,0,0,0,0.34,593,1.12,9,0
acct_10,2026-01-01T09:12:00,44.74,NY,MacBook,2,0,0,0,0,0.34,593,1.12,9,0
acct_10,2026-01-01T09:38:00,30.61,NY,Android,2,0,0,0,0,0.07,593,0.77,9,0
acct_10,2026-01-01T10:24:00,35.08,NY,MacBook,1,0,0,0,0,0.1,593,0.88,10,0
acct_10,2026-01-01T10:15:00,50.76,NY,MacBook,1,0,0,0,0,0.21,593,1.27,10,0
acct_10,2026-01-01T09:20:00,63.89,NY,MacBook,1,0,0,0,0,0.06,593,1.6,9,0
acct_10,2026-01-01T11:29:00,50.35,NY,Android,1,0,0,0,1,0.11,593,1.26,11,0
acct_10,2026-01-01T10:12:00,65.52,NY,Android,1,0,0,0,0,0.29,593,1.64,10,0
acct_10,2026-01-01T09:44:00,37.25,NY,Android,2,0,0,0,1,0.24,593,0.93,9,0
acct_10,2026-01-01T11:30:00,32.01,NY,MacBook,2,0,0,0,0,0.08,593,0.8,11,0
acct_10,2026-01-01T10:30:00,30.66,NY,Android,2,0,0,0,1,0.16,593,0.77,10,0
acct_10,2026-01-01T12:48:00,35.96,NY,Android,1,0,0,0,0,0.29,593,0.9,12,0
acct_10,2026-01-01T10:33:00,41.54,NY,MacBook,2,0,0,0,0,0.24,593,1.04,10,0
acct_10,2026-01-01T12:48:00,37.75,NY,MacBook,1,0,0,0,0,0.12,593,0.94,12,0
acct_10,2026-01-01T12:45:00,35.33,NY,Android,1,0,0,0,0,0.34,593,0.88,12,0
acct_10,2026-01-01T13:00:00,24.17,NY,MacBook,2,0,0,0,0,0.33,593,0.6,13,0
acct_10,2026-01-01T15:00:00,41.33,NY,MacBook,2,0,0,0,0,0.3,593,1.03,15,0
acct_10,2026-01-01T15:20:00,52.6,NY,MacBook,1,0,0,0,0,0.05,593,1.31,15,0
acct_10,2026-01-01T11:50:00,44.83,NY,MacBook,1,0,0,0,0,0.1,593,1.12,11,0
acct_10,2026-01-01T14:48:00,47.43,CT,MacBook,1,0,1,0,0,0.29,593,1.19,14,0
acct_10,2026-01-01T15:05:00,18.63,NY,Android,2,0,1,0,1,0.32,593,0.47,15,0
acct_10,2026-01-01T14:56:00,43.94,NY,Android,2,0,0,0,0,0.24,593,1.1,14,0
acct_10,2026-01-01T17:00:00,26.81,FL,Android,2,0,1,0,0,0.11,593,0.67,17,0
acct_10,2026-01-01T12:12:00,41.5,NY,Android,2,0,1,0,0,0.24,593,1.04,12,0
acct_10,2026-01-01T15:44:00,43.56,NY,Android,1,0,0,0,1,0.24,593,1.09,15,0
acct_10,2026-01-01T18:00:00,35.35,CA,Android,2,0,1,0,0,0.27,593,0.88,18,0
acct_10,2026-01-01T18:20:00,43.85,NY,MacBook,1,0,1,0,0,0.33,593,1.1,18,0
acct_10,2026-01-01T17:36:00,68.63,NY,Android,2,0,0,0,1,0.33,593,1.72,17,0
acct_10,2026-01-01T12:57:00,46.37,NY,Android,2,0,0,0,1,0.3,593,1.16,12,0
acct_10,2026-01-01T14:14:00,31.01,NY,Android,2,0,0,0,1,0.34,593,0.78,14,0
acct_10,2026-01-01T13:15:00,42.58,NJ,MacBook,2,0,1,0,0,0.1,593,1.06,13,0
acct_10,2026-01-01T12:48:00,52.07,NY,Android,1,0,1,0,0,0.34,593,1.3,12,0
acct_10,2026-01-01T16:01:00,26.27,NY,Android,2,0,0,0,0,0.33,593,0.66,16,0
acct_10,2026-01-01T14:58:00,30.26,NY,Android,1,0,0,0,0,0.31,593,0.76,14,0
acct_10,2026-01-01T13:51:00,41.97,NY,Android,1,0,0,0,0,0.13,593,1.05,13,0
acct_10,2026-01-01T18:00:00,41.38,NY,MacBook,2,0,0,0,1,0.27,593,1.03,18,0
acct_10,2026-01-01T18:15:00,17.74,CA,Android,2,0,1,0,0,0.26,593,0.44,18,0
acct_10,2026-01-01T21:18:00,38.06,NY,MacBook,2,0,1,0,0,0.29,593,0.95,21,0
acct_10,2026-01-01T21:37:00,19.35,NY,MacBook,2,0,0,0,0,0.24,593,0.48,21,0
acct_10,2026-01-01T20:28:00,35.05,NY,Android,2,0,0,0,1,0.1,593,0.88,20,0
acct_10,2026-01-01T14:00:00,47.38,NY,MacBook,1,0,0,0,1,0.06,593,1.18,14,0
acct_10,2026-01-01T15:40:00,43.84,NY,Android,1,0,0,0,0,0.11,593,1.1,15,0
acct_10,2026-01-01T18:11:00,27.94,NY,MacBook,2,0,0,0,0,0.27,593,0.7,18,0
acct_10,2026-01-01T16:48:00,22.61,FL,Android,2,0,1,0,1,0.14,593,0.57,16,0
acct_10,2026-01-01T16:59:00,35.41,NY,Android,1,0,1,0,1,0.25,593,0.89,16,0
acct_10,2026-01-01T19:40:00,36.37,NY,MacBook,2,0,0,0,1,0.06,593,0.91,19,0
acct_10,2026-01-01T18:12:00,35.47,NY,MacBook,2,0,0,0,1,0.12,593,0.89,18,0
acct_10,2026-01-01T14:56:00,36.86,NY,Android,2,0,0,0,1,0.14,593,0.92,14,0
acct_10,2026-01-01T20:22:00,52.02,NY,MacBook,2,0,0,0,0,0.07,593,1.3,20,0
acct_10,2026-01-01T16:06:00,44.98,NY,MacBook,1,0,0,0,0,0.17,593,1.12,16,0
acct_10,2026-01-01T22:40:00,41.8,NY,MacBook,1,0,0,0,1,0.2,593,1.04,22,0
acct_10,2026-01-02T00:48:00,44.98,NY,Android,1,0,0,0,0,0.12,593,1.12,0,0
acct_10,2026-01-01T15:36:00,60.44,NY,MacBook,3,0,0,0,0,0.1,593,1.51,15,0
acct_10,2026-01-01T18:38:00,37.04,NY,Android,1,0,0,0,0,0.13,593,0.93,18,0
acct_10,2026-01-02T03:40:00,43.02,NY,MacBook,2,0,0,0,0,0.26,593,1.08,3,0
acct_10,2026-01-02T04:00:00,43.03,NY,Android,1,0,0,0,1,0.09,593,1.08,4,0
acct_10,2026-01-01T21:13:00,50.81,TX,MacBook,1,0,1,0,0,0.21,593,1.27,21,0
acct_10,2026-01-01T19:22:00,27.01,CA,MacBook,1,0,1,0,0,0.08,593,0.68,19,0
acct_10,2026-01-02T05:00:00,38.81,NY,Android,2,0,1,0,0,0.26,593,0.97,5,0
acct_10,2026-01-01T17:36:00,43.47,NY,Android,1,0,0,0,1,0.3,593,1.09,17,0
acct_10,2026-01-01T19:55:00,30.9,NY,MacBook,2,0,0,0,0,0.26,593,0.77,19,0
acct_10,2026-01-02T03:48:00,46.72,CT,MacBook,2,0,1,0,1,0.34,593,1.17,3,0
acct_10,2026-01-02T02:59:00,22.66,NY,MacBook,1,0,1,0,1,0.1,593,0.57,2,0
acct_10,2026-01-01T21:36:00,52.52,NY,MacBook,1,0,0,0,0,0.27,593,1.31,21,0
acct_10,2026-01-01T20:39:00,51.06,NY,MacBook,2,0,0,0,1,0.16,593,1.28,20,0
acct_10,2026-01-01T18:30:00,43.76,NY,Android,1,0,0,0,1,0.2,593,1.09,18,0
acct_10,2026-01-02T02:56:00,34.58,NY,Android,2,0,0,0,1,0.27,593,0.86,2,0
acct_10,2026-01-02T00:48:00,42.24,NY,MacBook,2,0,0,0,1,0.21,593,1.06,0,0
acct_10,2026-01-01T18:57:00,33.96,CT,Android,1,0,1,0,0,0.32,593,0.85,18,0
acct_10,2026-01-02T04:58:00,39.63,NY,Android,2,0,1,0,1,0.17,593,0.99,4,0
acct_10,2026-01-01T19:15:00,43.51,NY,MacBook,2,0,0,0,0,0.1,593,1.09,19,0
acct_10,2026-01-01T21:56:00,35.26,NY,Android,2,0,0,0,0,0.11,593,0.88,21,0
acct_10,2026-01-02T08:23:00,28.2,NY,Android,1,0,0,0,0,0.14,593,0.7,8,0
acct_10,2026-01-01T19:42:00,44.49,NY,Android,2,0,0,0,1,0.18,593,1.11,19,0
acct_10,2026-01-01T18:32:00,43.44,NY,Android,2,0,0,0,0,0.34,593,1.09,18,0
acct_10,2026-01-02T06:40:00,60.32,NY,Android,2,0,0,0,0,0.22,593,1.51,6,0
acct_10,2026-01-02T00:12:00,46.24,NY,Android,1,0,0,0,0,0.08,593,1.16,0,0
acct_10,2026-01-02T11:20:00,39.05,NY,MacBook,1,0,0,0,1,0.13,593,0.98,11,0
acct_10,2026-01-02T04:45:00,49.29,NY,MacBook,2,0,0,0,0,0.13,593,1.23,4,0
acct_10,2026-01-02T06:24:00,39.72,CT,Android,1,0,1,0,0,0.2,593,0.99,6,0
acct_10,2026-01-01T23:35:00,26.37,NY,Android,1,0,1,0,0,0.11,593,0.66,23,0
acct_10,2026-01-02T04:04:00,23.3,NY,MacBook,1,0,0,0,0,0.13,593,0.58,4,0
acct_10,2026-01-02T10:06:00,34.78,NY,MacBook,2,0,0,0,0,0.11,593,0.87,10,0
acct_10,2026-01-02T08:56:00,30.9,NY,MacBook,1,0,0,0,1,0.22,593,0.77,8,0
acct_10,2026-01-02T13:40:00,42.17,TX,Android,1,0,1,0,1,0.25,593,1.05,13,0
acct_10,2026-01-02T08:00:00,53.68,NY,MacBook,1,0,1,0,1,0.14,593,1.34,8,0
acct_10,2026-01-02T14:20:00,36.95,NY,Android,2,0,0,0,0,0.2,593,0.92,14,0
acct_10,2026-01-01T20:16:00,26.69,NY,MacBook,2,0,0,0,0,0.16,593,0.67,20,0
acct_10,2026-01-02T02:36:00,42.59,FL,Android,1,0,1,0,0,0.26,593,1.06,2,0
acct_10,2026-01-01T23:40:00,46.62,NY,Android,1,0,1,0,0,0.12,593,1.17,23,0
acct_10,2026-01-02T07:45:00,46.9,NY,MacBook,1,0,0,0,1,0.17,593,1.17,7,0
acct_10,2026-01-01T22:24:00,57.6,NY,Android,1,0,0,0,1,0.25,593,1.44,22,0
acct_10,2026-01-02T05:01:00,41.83,NY,MacBook,1,0,0,0,0,0.17,593,1.05,5,0
acct_10,2026-01-02T01:58:00,38.67,NY,MacBook,2,0,0,0,0,0.16,593,0.97,1,0
acct_10,2026-01-02T07:06:00,50.07,NY,MacBook,2,0,0,0,1,0.16,593,1.25,7,0
acct_10,2026-01-02T09:00:00,30.98,NY,Android,2,0,0,0,1,0.08,593,0.77,9,0
acct_10,2026-01-02T00:50:00,33.64,NY,MacBook,1,0,0,0,0,0.24,593,0.84,0,0
acct_10,2026-01-02T12:54:00,42.39,NY,Android,1,0,0,0,1,0.25,593,1.06,12,0
acct_10,2026-01-02T09:45:00,47.21,NY,Android,1,0,0,0,0,0.07,593,1.18,9,0
acct_10,2026-01-02T15:12:00,50.51,NY,MacBook,2,0,0,0,0,0.31,593,1.26,15,0
acct_10,2026-01-01T23:45:00,39.1,NY,Android,1,0,0,0,0,0.2,593,0.98,23,0
acct_10,2026-01-02T12:16:00,39.3,NY,Android,1,0,0,0,0,0.24,593,0.98,12,0
acct_10,2026-01-02T17:53:00,41.14,NY,Android,1,0,0,0,0,0.07,593,1.03,17,0
acct_10,2026-01-02T02:00:00,35.96,NY,Android,1,0,0,0,0,0.19,593,0.9,2,0
acct_10,2026-01-02T13:04:00,36.82,NY,MacBook,2,0,0,0,1,0.34,593,0.92,13,0
acct_10,2026-01-02T04:10:00,46.85,NY,MacBook,1,0,0,0,0,0.18,593,1.17,4,0
acct_10,2026-01-02T17:18:00,45.48,NY,Android,2,0,0,0,0,0.2,593,1.14,17,0
acct_10,2026-01-02T19:28:00,29.11,NY,Android,1,0,0,0,1,0.16,593,0.73,19,0
acct_10,2026-01-02T06:36:00,28.01,NY,MacBook,2,0,0,0,1,0.09,593,0.7,6,0
acct_10,2026-01-02T06:48:00,27.58,NY,MacBook,2,0,0,0,0,0.24,593,0.69,6,0
acct_10,2026-01-02T18:30:00,37.85,CT,MacBook,1,0,1,0,1,0.13,593,0.95,18,0
acct_10,2026-01-02T03:20:00,27.67,NY,MacBook,2,0,1,0,1,0.2,593,0.69,3,0
acct_10,2026-01-02T03:30:00,34.81,NY,MacBook,1,0,0,0,1,0.26,593,0.87,3,0
acct_10,2026-01-02T23:20:00,51.17,NY,MacBook,2,0,0,0,0,0.32,593,1.28,23,0
acct_10,2026-01-02T19:42:00,14.5,NY,Android,2,0,0,0,0,0.09,593,0.36,19,0
acct_10,2026-01-02T10:00:00,28.82,NY,MacBook,1,0,0,0,0,0.06,593,0.72,10,0
acct_10,2026-01-02T22:19:00,42.43,NY,MacBook,2,0,0,0,0,0.28,593,1.06,22,0
acct_10,2026-01-03T00:40:00,45.84,NY,Android,1,0,0,0,1,0.28,593,1.15,0,0
acct_10,2026-01-02T12:42:00,43.16,NY,Android,1,0,0,0,0,0.18,593,1.08,12,0
acct_10,2026-01-02T10:52:00,24.97,CA,Android,1,0,1,0,1,0.16,593,0.62,10,0
acct_10,2026-01-02T21:30:00,34.03,NY,MacBook,1,0,1,0,0,0.12,593,0.85,21,0
acct_10,2026-01-02T23:54:00,49.62,NY,Android,2,0,0,0,0,0.22,593,1.24,23,0
acct_10,2026-01-02T22:06:00,44.36,NY,Android,1,0,0,0,0,0.16,593,1.11,22,0
acct_10,2026-01-02T13:52:00,21.82,NY,MacBook,1,0,0,0,0,0.3,593,0.55,13,0
acct_10,2026-01-02T20:33:00,45.52,NY,Android,1,0,0,0,0,0.18,593,1.14,20,0
acct_10,2026-01-02T23:00:00,37.27,NY,MacBook,2,0,0,0,0,0.09,593,0.93,23,0
acct_10,2026-01-02T08:01:00,51.82,NY,MacBook,2,0,0,0,0,0.17,593,1.3,8,0
acct_10,2026-01-02T12:36:00,58.44,NY,Android,2,0,0,0,0,0.17,593,1.46,12,0
acct_10,2026-01-02T01:44:00,19.78,NY,MacBook,1,0,0,0,0,0.06,593,0.49,1,0
acct_10,2026-01-02T15:16:00,39.38,NY,Android,2,0,0,0,0,0.21,593,0.98,15,0
acct_10,2026-01-03T02:45:00,31.93,NY,Android,2,0,0,0,1,0.07,593,0.8,2,0
acct_10,2026-01-02T22:32:00,52.85,NY,Android,1,0,0,0,0,0.34,593,1.32,22,0
acct_10,2026-01-02T15:58:00,28.77,NY,MacBook,1,0,0,0,0,0.13,593,0.72,15,0
acct_10,2026-01-02T02:24:00,49.3,NY,MacBook,2,0,0,0,1,0.19,593,1.23,2,0
acct_10,2026-01-03T06:20:00,55.65,NY,Android,1,0,0,0,0,0.28,593,1.39,6,0
acct_10,2026-01-03T06:40:00,44.54,NY,Android,2,0,0,0,1,0.07,593,1.11,6,0
acct_10,2026-01-03T07:00:00,36.29,NY,Android,2,0,0,0,0,0.18,593,0.91,7,0
acct_10,2026-01-03T00:14:00,49.52,NY,MacBook,1,0,0,0,0,0.12,593,1.24,0,0
acct_10,2026-01-02T05:27:00,33.91,NY,Android,1,0,0,0,0,0.31,593,0.85,5,0
acct_10,2026-01-02T10:24:00,41.53,NY,Android,1,0,0,0,0,0.06,593,1.04,10,0
acct_10,2026-01-02T15:25:00,23.18,CT,MacBook,1,0,1,0,1,0.25,593,0.58,15,0
acct_10,2026-01-03T03:48:00,46.72,NY,MacBook,2,0,1,0,0,0.32,593,1.17,3,0
acct_10,2026-01-02T10:57:00,32.04,NY,MacBook,2,0,0,0,0,0.21,593,0.8,10,0
acct_10,2026-01-02T13:36:00,34.76,NY,MacBook,2,0,0,0,1,0.26,593,0.87,13,0
acct_10,2026-01-03T02:13:00,35.97,FL,Android,2,0,1,0,0,0.27,593,0.9,2,0
